student_id,academic_year_start,academic_year,year_group,gender,eal,send
3a00d4de-6db8-4559-8a14-d4559f647935,2019,2019–2020,7,Female,1,0
ac1225a3-2dff-418e-bab2-42b4a17f6f17,2019,2019–2020,7,Male,0,0
0026a3ae-02e4-409f-ada5-b65fd05e7874,2019,2019–2020,7,Female,1,0
623deb5f-b2ec-4aa8-ad5d-2bd88fbc1afe,2019,2019–2020,7,Male,0,1
e10f67da-47e4-4941-9e1e-e169ab9854e9,2019,2019–2020,7,Male,0,0
d5b721c2-ff13-4d26-bd2d-7eace1e6e6a8,2019,2019–2020,7,Female,0,0
90b67bf3-8434-46cf-98fe-4422ef5a6957,2019,2019–2020,7,Female,0,0
5e004346-5d3e-423d-aa01-a5e7f64a6755,2019,2019–2020,7,Female,0,0
91b41b9a-6355-42a2-9dcb-977170a88507,2019,2019–2020,7,Female,0,0
ad9a80a2-4cf9-4510-b39f-bda610294c98,2019,2019–2020,7,Male,0,0
68aba227-95cc-4f07-b3dd-26656ae15921,2019,2019–2020,7,Male,0,0
8bcd5ad1-cbfc-4d9b-8a16-f784a6d8b428,2019,2019–2020,7,Male,1,0
40cdcb3e-0ac5-4865-b8b3-88c9df56a92d,2019,2019–2020,7,Female,0,0
39e66ef3-c56b-49ef-9486-f29ba5ffcfe3,2019,2019–2020,7,Female,0,0
a8b0998f-fcd2-49d1-aa0c-9b53bdfbecca,2019,2019–2020,7,Female,1,0
ce3b6e46-48cc-4b93-b300-c43196203346,2019,2019–2020,7,Male,0,0
f1c57c12-521d-4b53-937e-6a5ac519db36,2019,2019–2020,7,Male,0,1
5c158520-094e-446d-a937-3c7641023887,2019,2019–2020,7,Male,1,0
1a1333bc-f0ac-4df6-88ab-06f165580c5b,2019,2019–2020,7,Male,1,0
3f99d784-128c-414d-88e7-5a2c9cabd663,2019,2019–2020,7,Female,0,0
63bb7162-e7e5-4f99-b1ba-f09b30bd4d01,2019,2019–2020,7,Female,0,0
c1542ce9-39c4-4d36-88ab-667a4ae1f050,2019,2019–2020,7,Female,0,0
1b9560b1-ab5a-4e9e-a597-f7b07b61da6a,2019,2019–2020,7,Female,0,0
99608381-6d70-4888-bf27-19472fb75dbc,2019,2019–2020,7,Other,0,0
6a757d8d-16ef-455b-8b12-b7193554bb34,2019,2019–2020,7,Female,1,0
f139a076-a26b-444e-ac6f-7eb1c60c6615,2019,2019–2020,7,Male,0,0
babfbfaa-a639-4919-82d7-f55266c5b62c,2019,2019–2020,7,Female,0,0
8a8b4a16-b13c-413d-b5bc-020878581edd,2019,2019–2020,7,Male,0,0
4c025a4c-293f-45c5-84ce-ed52341ca86b,2019,2019–2020,7,Female,0,0
a19e69e0-02e7-422c-9d0f-d484eb23e286,2019,2019–2020,7,Male,1,0
47c36bc6-1e91-4d67-888e-90b8d0cc8e7e,2019,2019–2020,7,Female,0,0
7588b451-b65e-451c-839c-f24fddd13de2,2019,2019–2020,7,Male,0,0
4566997d-fbd0-4309-9c3e-3b97838a4e69,2019,2019–2020,7,Male,0,0
bcdc689d-38bf-40cc-a308-eeb8ca7f0741,2019,2019–2020,7,Female,0,0
aae2b698-6d96-4815-937e-d00fc416f8c0,2019,2019–2020,7,Female,0,1
e8b1f07a-e81b-418b-b029-d9d832a37178,2019,2019–2020,7,Female,0,0
d7d10ca3-d29d-456f-927d-f0f89afe626b,2019,2019–2020,7,Female,0,0
91be0617-d50b-456b-82d3-af900551c700,2019,2019–2020,7,Female,1,0
cdf452b3-f165-4d29-bc04-0d06fb1e1779,2019,2019–2020,7,Male,1,0
00e54535-c92b-4c91-b1a4-3586a526c248,2019,2019–2020,7,Female,1,0
bdc939f1-81e7-4249-b5f2-6b7370d00193,2019,2019–2020,8,Male,1,0
f7792e7d-6ebf-49d4-b410-b897b3f806f1,2019,2019–2020,8,Female,0,0
8b4a9ad0-b991-45a3-8d50-9d2663f39c27,2019,2019–2020,8,Male,1,0
1a3d45ad-f16d-48d3-8fe7-0b913a65c50c,2019,2019–2020,8,Male,0,0
95ca4569-f9b7-49f1-a282-c3e08456ce38,2019,2019–2020,8,Female,0,1
fd10298d-856a-4b5f-9b39-7cae2ef0f290,2019,2019–2020,8,Female,0,0
17492e12-d004-4761-a966-b7faeee36f8c,2019,2019–2020,8,Female,1,1
78091356-e650-4ab2-bab5-564e34895344,2019,2019–2020,8,Female,0,0
733ed9fc-00ad-40fd-b791-662f60330751,2019,2019–2020,8,Female,0,0
525a131d-c8f9-4fda-97d2-09ed8339d41f,2019,2019–2020,8,Male,0,0
e816f3fb-c022-4e3d-b9fb-bc5692b5aa7b,2019,2019–2020,8,Male,0,0
97a6929b-5517-479d-9bef-8800aa1e5d42,2019,2019–2020,8,Female,1,0
44b7c4c6-ab7d-4e5e-95dc-c4783b7d8d93,2019,2019–2020,8,Male,0,0
81686c28-fbb1-49da-88db-9a7e07def1db,2019,2019–2020,8,Male,0,0
5c1bc203-bdbc-4905-9b6f-c66efbec679e,2019,2019–2020,8,Male,0,0
942bd73f-62d0-40ad-bf3c-3ea445b7135f,2019,2019–2020,8,Male,0,0
6171c811-653b-4e34-adb9-02744232ee42,2019,2019–2020,8,Female,0,0
fa4e5c84-1417-4253-956d-74d909b7653a,2019,2019–2020,8,Female,0,0
a315be01-b6d6-4b9a-a948-ae0b248d942f,2019,2019–2020,8,Male,0,0
5bf7a9ad-2033-413e-be82-dfcf14d31370,2019,2019–2020,8,Female,1,0
35c9fd22-8307-4074-ac05-c77520954589,2019,2019–2020,8,Female,0,1
1c8a3beb-cab6-4612-8f4f-cfa39b871ed2,2019,2019–2020,8,Male,0,0
6d13d56a-8c41-48f8-a21d-69ca57fe6e10,2019,2019–2020,8,Male,0,0
5312f2fc-2d86-4b72-8d43-9f053fa75336,2019,2019–2020,8,Female,0,0
5463f243-d94d-4b89-afab-2d8e5f8034dd,2019,2019–2020,8,Male,0,0
e3ea964b-649f-4920-9db8-435ea033bf67,2019,2019–2020,8,Female,0,0
24d95b1d-19c3-49d7-89e5-800dd7841126,2019,2019–2020,8,Male,0,0
16ce4fe0-b93f-487b-9cd2-50ae888ff5f6,2019,2019–2020,8,Female,0,0
e7b1bb64-f8e8-424b-acf4-7c6b93b542f2,2019,2019–2020,8,Male,0,0
5495eba1-57f3-4085-b358-cb2b5fd8784e,2019,2019–2020,8,Male,0,0
578f241c-7b15-4f04-9963-6719155031a7,2019,2019–2020,8,Male,0,0
2d426710-5a83-45fb-8ad2-d25bb256232c,2019,2019–2020,8,Female,0,0
c960f528-01d0-4c85-8560-ce08c76f037a,2019,2019–2020,8,Female,0,0
128fa337-e180-409a-a3a4-914e857826f6,2019,2019–2020,8,Male,0,0
d20b1c4f-b82a-4f22-87ea-130eedcfb563,2019,2019–2020,8,Female,0,0
aace9f65-e3c0-4c35-a475-c5383df79492,2019,2019–2020,8,Female,1,0
e9f5777d-c711-4c9f-bdd4-fa6158f64b9e,2019,2019–2020,8,Male,0,0
7a1f8c93-c090-41fd-8f54-3406fb15976c,2019,2019–2020,8,Male,0,0
cacf0698-aa9f-43e8-837b-fe8ceaafc9e2,2019,2019–2020,8,Female,0,0
d2c7e604-6cfb-44b3-941a-fd175495809e,2019,2019–2020,8,Female,0,0
9991702c-b862-4b83-a7b9-f9d223f5e0b4,2019,2019–2020,9,Male,1,1
f9a6f8bb-cd65-4134-907e-3c93e0e9218e,2019,2019–2020,9,Female,0,1
cd2e13cc-5f7d-4e28-8b7d-697a162d59b6,2019,2019–2020,9,Female,1,1
bb34a1f9-80ca-4e4d-9adf-fc09f216ce94,2019,2019–2020,9,Male,0,0
73196aa0-d5ca-4532-be51-9406c663513a,2019,2019–2020,9,Male,0,0
4956e360-63d6-41ef-8291-d3d200bb383d,2019,2019–2020,9,Male,1,0
56e03d73-8829-41e2-b389-ccebf7c05b09,2019,2019–2020,9,Male,0,0
69cac4be-c697-41ef-9eac-136b3a9fe2c2,2019,2019–2020,9,Other,0,0
b9071a67-8928-44d9-8449-abdf948a6f0a,2019,2019–2020,9,Male,0,0
14a6730b-714f-45be-9819-142d4e5a670a,2019,2019–2020,9,Male,0,0
d0d96b3d-2570-4f79-9136-a8faec68714a,2019,2019–2020,9,Male,1,0
8a0185d1-92a0-4d48-b7b1-a32ccdb1ecde,2019,2019–2020,9,Male,0,0
1932b920-ee56-4de4-9908-d6edd74f712e,2019,2019–2020,9,Male,0,0
6d6803d0-9670-4e30-ab50-759dbe970248,2019,2019–2020,9,Male,1,0
7f2d5975-896a-4132-8372-7db8195669ef,2019,2019–2020,9,Female,0,0
a08c6120-39ab-4de1-94f3-2c9d449e0e16,2019,2019–2020,9,Female,0,0
b9301e29-18e9-4636-94ec-48d7aec64dc4,2019,2019–2020,9,Female,0,0
c41e8771-b997-438b-b36e-063f120a6d49,2019,2019–2020,9,Female,1,0
1fc863ac-4ab7-40c9-a30f-2230b5ce423a,2019,2019–2020,9,Female,0,0
9a51394d-5b38-4a94-b773-ae976422d6ab,2019,2019–2020,9,Female,0,0
d6ef1eb5-b85c-4c84-bbf4-39621890fc60,2019,2019–2020,9,Female,0,0
ac99b5c8-425b-41a2-ab58-5548557775d1,2019,2019–2020,9,Male,0,1
8f40793f-bd8d-4926-b5ea-0f3dc558ff14,2019,2019–2020,9,Male,0,0
a8637c2f-cd0d-4332-b95f-29b95dc2963b,2019,2019–2020,9,Female,0,0
c2ab7f72-9fbe-46ef-ae54-c4ddaa66d5a8,2019,2019–2020,9,Female,1,0
0fd1c26f-c14e-4c4d-bded-3214d09af8ef,2019,2019–2020,9,Male,0,0
a99d9f30-ee35-47b4-8051-138c352a4651,2019,2019–2020,9,Female,0,0
287c23ae-5a01-44f8-82d4-00283bc03535,2019,2019–2020,9,Male,0,0
67a8a894-eeec-4ddc-a808-c9fb43acffec,2019,2019–2020,9,Male,0,0
1a26f346-1a0c-4be6-a0f4-69bec32f4cb4,2019,2019–2020,9,Male,0,0
923de7fe-2100-49b0-b556-8c332e26746c,2019,2019–2020,9,Female,0,0
b01b02e8-9624-4cad-8ab4-06bd024c93ac,2019,2019–2020,9,Female,0,0
e5d7ec5e-0417-469e-b64f-c00c74da377f,2019,2019–2020,9,Male,0,0
ac42ece2-0a07-4ab3-a34c-478cacafc587,2019,2019–2020,9,Female,0,0
be596969-dbfe-474f-9fca-130deb4b8c69,2019,2019–2020,9,Female,0,0
a92472d1-c14f-4fa4-9a50-220eef115030,2019,2019–2020,9,Male,0,0
bb87eda5-2e3e-4dd0-bff1-29aecb31e792,2019,2019–2020,9,Female,0,0
06f2c82b-c38f-4d54-b9e2-6373dfe2cd32,2019,2019–2020,9,Male,0,0
2cc461ce-688c-4c48-b0b0-a9375c460e23,2019,2019–2020,9,Female,0,0
571224ad-2b8b-490c-b94f-08a4d5697690,2019,2019–2020,9,Male,1,0
3732a199-0072-4cfa-b9e3-80670f4767e7,2019,2019–2020,10,Female,0,0
c102c76f-b5b6-4024-b0d8-31a6568fa421,2019,2019–2020,10,Male,1,0
35f5b052-03d1-4b83-9e96-b2cdbf4587cb,2019,2019–2020,10,Male,1,0
54470289-293a-4d0b-a010-f8d20acff808,2019,2019–2020,10,Female,0,0
a22c26a7-c05c-418d-83ef-aad04a34c114,2019,2019–2020,10,Female,0,0
645e1523-cc86-4264-9f01-1d1a313371fa,2019,2019–2020,10,Female,1,0
b98f1278-f362-4d06-8834-09dcfc8fc7dd,2019,2019–2020,10,Male,0,0
648de3ed-9a12-4655-8c9a-d4da304ace69,2019,2019–2020,10,Male,0,0
2f1b26c4-e066-4428-bb64-8920a712eef7,2019,2019–2020,10,Male,0,0
9cfdc74d-4814-4215-aeef-232e60e494d6,2019,2019–2020,10,Female,0,0
28d6693c-a856-4b54-a5af-fd1d9b5135e8,2019,2019–2020,10,Other,0,0
74fa06e0-1e5b-4d65-b040-3a32988b515e,2019,2019–2020,10,Male,0,1
ff0ca13a-6829-4eae-bd27-3fe9f1617df3,2019,2019–2020,10,Male,0,0
496baa0c-081b-492c-b64f-23f14eb93926,2019,2019–2020,10,Male,0,1
89c99e14-c227-489d-8f5c-5c012f7eb5d5,2019,2019–2020,10,Male,1,0
3748e8e7-51eb-41b8-852d-0a4399f7d610,2019,2019–2020,10,Male,0,0
ca44d473-9fac-4e51-a5f0-882af385bfd5,2019,2019–2020,10,Male,0,0
6f53bd97-8850-4669-bd01-64598ba725e6,2019,2019–2020,10,Male,1,0
4239c99b-96dd-4d99-b00c-0822ad6bc063,2019,2019–2020,10,Male,0,0
cb8224a9-93ff-4ac0-93a9-565fa83a1085,2019,2019–2020,10,Female,0,0
fdaab37e-ccaf-499e-80cc-81cb8826e95f,2019,2019–2020,10,Male,0,0
83e03e56-3c48-4c12-832f-2e9697eba561,2019,2019–2020,10,Male,0,0
20cfe8c3-9a02-4e6c-8ebd-86ae463881ce,2019,2019–2020,10,Female,1,0
aa49c659-5055-4f6a-9461-d7a3d7afbddc,2019,2019–2020,10,Female,0,0
d59aab80-9948-4275-ac3a-443451b9b446,2019,2019–2020,10,Male,0,0
b09c43a7-8252-4a8e-a720-e0c3d122100a,2019,2019–2020,10,Male,0,0
e1dd61ac-6234-412c-965b-09f3b3a2d152,2019,2019–2020,10,Male,0,0
0ed9563b-ff21-4a9a-be12-689de21ac12a,2019,2019–2020,10,Other,0,0
3dac21fe-3cc7-40c9-8eea-f99536078037,2019,2019–2020,10,Male,1,1
a3aff82e-0ddb-42b6-902f-872534c7faea,2019,2019–2020,10,Male,0,0
cf941b1c-3263-42cd-8775-97bee2b799d6,2019,2019–2020,10,Male,0,0
5064944c-6c74-49b6-9273-6c091bc4d9c9,2019,2019–2020,10,Male,0,0
79b6b9fe-50cc-484e-bdaf-b45a9639381e,2019,2019–2020,10,Female,0,0
0e71f131-872f-4b57-b13d-4e9e6e91e723,2019,2019–2020,10,Female,0,0
22c1539f-a123-4072-bb31-3f1eef77963e,2019,2019–2020,10,Male,0,1
fbac9d73-d8c2-46f4-ae59-654ad51430e3,2019,2019–2020,10,Female,0,0
a0be50af-519a-49b1-a176-cd0dc09d01ba,2019,2019–2020,10,Female,1,0
1272d741-705c-46ec-bc8d-0ba6f62cacb5,2019,2019–2020,10,Male,0,0
289ef27a-ce7a-4b9c-bc87-ea734051103b,2019,2019–2020,10,Male,1,0
e685644a-6a0e-4eb6-b18e-892281194ebc,2019,2019–2020,10,Male,1,0
1c58f2f6-eaf4-445e-b572-5439af5a6cae,2019,2019–2020,11,Male,0,0
9ec3e1f0-cf46-44cf-806a-c25e7e6b4c39,2019,2019–2020,11,Male,0,1
4ed5d235-7175-4a60-a8bb-884a4fb77213,2019,2019–2020,11,Female,0,1
a53a5ef0-1b37-4314-acba-c8efaac2dabf,2019,2019–2020,11,Male,0,0
97265a4c-2159-4674-87cf-251e9f115145,2019,2019–2020,11,Female,0,0
1b07f0e2-c501-4bc8-9487-592f6bde62e1,2019,2019–2020,11,Female,0,0
1a4c26a4-e416-4763-86a3-0f700a243e03,2019,2019–2020,11,Male,1,0
30814495-d923-48fd-8bff-61c5c28d5e56,2019,2019–2020,11,Male,0,0
131be2f2-d039-499f-8b28-37a9c9e4466e,2019,2019–2020,11,Male,0,1
6951c698-21f2-48a4-8e54-36f4c64dcc99,2019,2019–2020,11,Male,1,0
270cc5c9-940e-4603-b8eb-c8b4ec6e6994,2019,2019–2020,11,Male,0,1
11e9fae8-90a8-4df7-9050-d446638c12a4,2019,2019–2020,11,Male,0,0
91a8e181-d68f-4183-a491-1522139afb5a,2019,2019–2020,11,Female,1,1
0148bcf5-4180-4bac-96db-888224b132ea,2019,2019–2020,11,Female,0,0
6e08e158-f9ad-413a-81cb-da340b2ef9a8,2019,2019–2020,11,Male,1,0
efa8bb6a-146a-4bf6-afa0-998d0de5e305,2019,2019–2020,11,Female,0,0
cb291be3-3f59-4081-a965-bcab9a3ba7ab,2019,2019–2020,11,Female,1,0
126b5fcc-4934-4eb8-9602-77c67d907998,2019,2019–2020,11,Other,1,0
6786c726-91dc-4f30-a671-e57a6251fafd,2019,2019–2020,11,Male,1,0
8aa9a33b-0775-420a-8f44-91d37fdb697c,2019,2019–2020,11,Female,0,0
39da60c0-e3e3-45a4-8b8f-3291f3be06ae,2019,2019–2020,11,Male,0,0
23301147-6b4a-40ca-b772-55dcefdc5832,2019,2019–2020,11,Male,0,0
b7c59c77-96f8-49e9-bf0b-674c1889534f,2019,2019–2020,11,Female,0,0
1bc3d8bd-6ca3-4072-a4bb-63eb548269e0,2019,2019–2020,11,Male,0,0
ea34043a-e18c-4d39-8ff2-b7ba74f2ab2e,2019,2019–2020,11,Male,0,0
fcd778ed-1c8f-4421-a93f-99e1297c8d28,2019,2019–2020,11,Female,0,0
b2c000ed-07ca-4e8f-8f19-8284a4a44475,2019,2019–2020,11,Male,0,0
a12407a8-5520-42fa-a3ef-e2a732826dc7,2019,2019–2020,11,Female,0,0
282c83fb-dcb4-47eb-a738-6607707ae644,2019,2019–2020,11,Female,0,0
6148f6de-0dc8-483c-8bf8-90a0bb2b04a9,2019,2019–2020,11,Female,1,0
a6f523fd-bc65-4db4-b04d-2f9c53526d20,2019,2019–2020,11,Male,0,0
d7487cfd-2e60-427e-aabb-2e19a2d7c4a1,2019,2019–2020,11,Male,1,1
c86f9bdb-a0fc-49a6-91d0-0e0cc84f2875,2019,2019–2020,11,Female,1,0
3b53ff69-cd6c-497d-9253-9ef1106c0e9b,2019,2019–2020,11,Female,0,1
a60494a9-e25b-45c2-b380-3aae90522d00,2019,2019–2020,11,Male,0,0
26e4f986-7e5a-4977-a5c3-4cd3fd279565,2019,2019–2020,11,Female,0,0
127a554d-2c47-4475-98dc-6e46eeed93f4,2019,2019–2020,11,Female,0,0
55edcf4f-85cb-4e3b-91e7-bf7d5c6f1b50,2019,2019–2020,11,Male,0,0
a14d7fdc-b273-4369-8209-6a4502c6765f,2019,2019–2020,11,Male,0,0
94ab1474-9231-4a24-af00-34bf679164c7,2019,2019–2020,11,Female,0,0
2c1a58ed-7ef5-4a57-a81f-2ff72282d480,2019,2019–2020,12,Female,0,0
9d92021a-f843-442a-bc49-af3341a177a6,2019,2019–2020,12,Female,0,0
73cb8fa2-86ac-40a3-a9a7-1bfdee5201dc,2019,2019–2020,12,Female,0,0
d1e4fff3-bdfe-4097-8604-55ad36739915,2019,2019–2020,12,Male,0,0
9ef4ee20-4369-44a6-8292-36b0bc0e1671,2019,2019–2020,12,Male,0,0
23ded2c4-1141-4386-ad55-37b43c91506a,2019,2019–2020,12,Male,0,0
1f912ec4-abf5-4c76-811d-ed9b90d368da,2019,2019–2020,12,Male,0,0
ec261b19-878d-4d01-b395-9c4b780795a1,2019,2019–2020,12,Female,0,0
61e87ab5-c75b-4f92-9b54-1e207e7b6285,2019,2019–2020,12,Male,0,0
0c763788-68e1-44c1-b1e5-1682eb97e618,2019,2019–2020,12,Male,0,0
ed9ae5b6-7ec1-4ac4-b9c4-09306d2eaadc,2019,2019–2020,12,Male,1,0
683e30ef-63d1-4aea-8e6d-83b14d2ee76f,2019,2019–2020,12,Male,0,0
41d51ef2-712b-456c-9996-b986838bc1c3,2019,2019–2020,12,Male,0,0
0ce33ab1-6e08-43ee-a03d-04e84b3ec309,2019,2019–2020,12,Female,0,0
63cb0566-0a4b-4a80-9fd3-bcc7d63c9d6c,2019,2019–2020,12,Female,0,0
2320faa0-800e-4983-a6e9-fb6d9cd9ab80,2019,2019–2020,12,Male,0,0
cf83fa4b-2454-4289-8725-1d9de8cf6334,2019,2019–2020,12,Male,0,0
b5b2eebb-948f-4faa-8e44-bb0b38d675c1,2019,2019–2020,12,Male,0,0
de9c3a22-56bd-4b6d-84ab-12ab51a60957,2019,2019–2020,12,Female,0,0
faa8b01f-a1c2-4cd0-9b22-2448b53cf493,2019,2019–2020,12,Female,0,0
e487d74d-18e0-428d-a17d-1980be7f80ef,2019,2019–2020,12,Female,1,0
80e40bfd-c68f-4903-a4d5-98e6c680385c,2019,2019–2020,12,Female,0,0
50bcc1d2-c6a1-47e5-895d-dd9c97adf18e,2019,2019–2020,12,Female,0,0
f2c77b6c-e9ad-449b-b5e9-d3efac4b841f,2019,2019–2020,12,Female,0,0
bfc9adba-2775-4877-8a55-69115554413e,2019,2019–2020,12,Female,0,0
acd4fd68-96e0-4579-be9a-3e05ce037d85,2019,2019–2020,12,Other,0,0
6318d72f-1213-410b-8350-be23c791e1cc,2019,2019–2020,12,Male,1,0
276d354a-d1c4-4bc5-893e-1c14fab44965,2019,2019–2020,12,Female,0,0
fc9eba3a-b907-4768-b603-aefd556263f4,2019,2019–2020,12,Male,0,0
4ac302d3-d6fd-442a-83a6-f96385b69179,2019,2019–2020,12,Female,0,0
f0094a86-2eff-490b-b479-21a0e7378095,2019,2019–2020,12,Female,0,0
37bb991c-7135-4f2a-8250-88121060cf28,2019,2019–2020,12,Female,0,0
97ac4cd2-eb77-4c39-bd8a-7f42edfd9129,2019,2019–2020,12,Female,0,0
62f63994-b6e5-4bb8-8669-6033a85471a9,2019,2019–2020,12,Female,0,0
c0c7a23e-aeb1-4558-a410-5d71bad1ddd8,2019,2019–2020,12,Female,0,0
25b3b86c-41e2-4be4-95c5-a106a8089f00,2019,2019–2020,12,Other,0,0
a59e0d06-fe78-4765-90f3-5b45fb84b623,2019,2019–2020,12,Female,0,0
177730a6-bf98-4c1a-b1e8-954f67b6141d,2019,2019–2020,12,Male,0,0
8e644cd9-7d3e-4103-9159-27d4fa9405a8,2019,2019–2020,12,Female,1,0
c27c6146-b419-4c46-a0ff-e97836a445e5,2019,2019–2020,12,Male,0,0
368b1fd3-2c66-4942-a06c-7f50f7756a35,2020,2020–2021,7,Male,0,0
3811cbce-1fb9-4e33-9ce9-8589fac50d40,2020,2020–2021,7,Male,0,0
aea61091-a84f-4113-9a1b-0ee0933ae77e,2020,2020–2021,7,Female,0,0
0581bdfc-97d6-4c18-ab81-20b81e16c426,2020,2020–2021,7,Female,0,0
eecda5c0-2c62-4dbc-9a0e-e4e5fd71c4f1,2020,2020–2021,7,Male,0,0
f7b3a9db-fe06-4f99-a1b7-1ec02fc6e458,2020,2020–2021,7,Male,0,0
28018598-0ff2-4c4e-a02e-8439e7d9538d,2020,2020–2021,7,Female,0,0
e52e7b3c-ba82-4634-aeff-a57e0fff4ddb,2020,2020–2021,7,Female,0,0
836d4e78-9e63-4b80-b80b-ad5cf4290d29,2020,2020–2021,7,Female,1,0
b63d6922-fceb-4196-88d4-b915221b5e72,2020,2020–2021,7,Male,1,0
50804425-aea8-4948-9d10-ac2e23d16d84,2020,2020–2021,7,Female,1,0
0eeaf776-8e83-46e3-92b8-2923b5a88111,2020,2020–2021,7,Female,0,0
d244032a-f298-4bce-b4d9-9c5aa55b9b10,2020,2020–2021,7,Male,0,0
f61f7077-5d89-4c0a-a34f-0df7677e8146,2020,2020–2021,7,Male,0,0
a27f4c65-b3a4-4deb-b19e-3c845731f306,2020,2020–2021,7,Female,0,0
bd129517-9a60-4483-a8ff-53d387bbb190,2020,2020–2021,7,Male,0,0
dcf39ef6-59fb-46b6-8e80-1fc25ad6a379,2020,2020–2021,7,Female,1,0
fb94a724-9bf4-46aa-aa51-aff67eadd419,2020,2020–2021,7,Male,0,0
5592b05a-bd3b-457e-a1a9-b6ea49588891,2020,2020–2021,7,Male,0,0
dc447112-f663-4188-89e1-8d6732ad43a6,2020,2020–2021,7,Male,0,0
e61e6706-09a3-4583-b177-b8c762c074fa,2020,2020–2021,7,Male,0,0
39e3617e-d2ca-4214-a433-7fb0501b6382,2020,2020–2021,7,Female,0,1
4f451163-0638-4c43-8c3c-dc6737f96f41,2020,2020–2021,7,Male,0,0
c2ec4f3f-5ce7-469f-a595-18e6b1cd7554,2020,2020–2021,7,Male,0,0
bc92c844-9301-4c48-b407-0a083043337c,2020,2020–2021,7,Male,0,0
fa1ff473-b2af-4ae8-b2fb-e9df75deb345,2020,2020–2021,7,Male,1,0
ad89a5dc-0506-4373-9af5-3eb1f4566290,2020,2020–2021,7,Male,1,0
f3ce4725-c072-46a3-94bd-b3178ded53b8,2020,2020–2021,7,Female,0,0
c8d85b80-29bf-4ab9-8d80-ffabd4ebc45f,2020,2020–2021,7,Female,0,1
d648cbdd-0a8c-4cd4-b530-6577f31972a4,2020,2020–2021,7,Male,0,0
815e4d20-08df-4672-9c14-784a48f93d46,2020,2020–2021,7,Other,1,0
e0a6cd32-6aad-401d-a837-682485bcf1fa,2020,2020–2021,7,Male,1,0
b52c38ff-7569-431d-be50-93faa72ddf01,2020,2020–2021,7,Male,0,0
928f5446-25bf-4d46-990d-3610c8a51577,2020,2020–2021,7,Female,0,0
536cb53e-c583-4803-9d3c-791e22e5df87,2020,2020–2021,7,Female,0,0
e9f9775c-2665-4395-81b6-5c4c5e2b0072,2020,2020–2021,7,Male,0,0
7411ee46-d5aa-41a9-9d10-b8d71edbaf39,2020,2020–2021,7,Male,0,0
da7554ae-3fb2-48cd-be62-9c2258f14a00,2020,2020–2021,7,Female,0,0
ef3b3322-db96-4d9e-aa25-0b3b5598bc9d,2020,2020–2021,7,Male,0,1
64b4596e-1b0c-4ba7-8f00-26ad4d9bde2b,2020,2020–2021,7,Female,0,0
34b98c70-7f4b-4e45-9f66-600e8f420eb1,2020,2020–2021,8,Female,0,0
e9130469-42fd-4dc0-ae01-d76d40488b67,2020,2020–2021,8,Male,0,0
523d2ccb-567a-4146-bfc0-db62ba1c7497,2020,2020–2021,8,Female,1,0
77e6a32a-3595-4610-81ec-28f955707620,2020,2020–2021,8,Male,0,0
d50c839e-39c8-4045-b95e-701b55634ccb,2020,2020–2021,8,Female,1,0
ecccc8de-7d43-485d-bb1b-974bebf109a7,2020,2020–2021,8,Female,0,0
b67a4744-d810-47d2-83c6-e0bda5f8ca4d,2020,2020–2021,8,Male,0,0
9c06e894-672f-415e-ac9e-7676620f268e,2020,2020–2021,8,Female,0,0
23b1a114-f1df-4e11-8b7b-59ed5ba59ed1,2020,2020–2021,8,Female,0,0
71af0a54-af11-4ed1-80eb-2977177471d8,2020,2020–2021,8,Female,1,1
10a5b005-c001-4af3-838f-22397fad2697,2020,2020–2021,8,Female,0,0
1260b4bc-6b91-4311-84f8-fa5ef3b89ff3,2020,2020–2021,8,Female,0,0
8c711a4b-6e82-4630-9c0f-8176cba4e7fb,2020,2020–2021,8,Male,0,0
8421764b-9331-46b5-a7f2-4697a51df328,2020,2020–2021,8,Female,0,0
20eb10aa-ceb3-4cff-afc5-c862be5de865,2020,2020–2021,8,Female,0,0
7cec3a4a-1da8-4eb8-8e1a-309ebbea63c5,2020,2020–2021,8,Female,0,0
000a661f-018b-453b-a2d2-e3a32b0a85ca,2020,2020–2021,8,Female,0,0
d1852547-7bc1-4955-b25b-70bf6225c8ee,2020,2020–2021,8,Male,1,0
6f981815-3800-4c47-b7ce-3545955d8e26,2020,2020–2021,8,Male,0,0
bf3bceb4-f933-43c1-bb9d-429a2eac2a04,2020,2020–2021,8,Male,0,0
c92e2c77-d184-435c-8cb5-41ea1f3f9e16,2020,2020–2021,8,Female,0,0
b17c0e1f-b9fc-4534-a7f9-60e08d940794,2020,2020–2021,8,Male,0,0
d443e81a-87a5-40bf-a36b-65425b94cfc2,2020,2020–2021,8,Male,0,0
3f98f0ec-1ee1-4048-b2ad-87f109d6cc74,2020,2020–2021,8,Female,0,0
1570194d-76a8-41b7-9e10-eb8ab4af486f,2020,2020–2021,8,Male,0,0
f6985b12-0339-4f27-ba98-94534f19f36e,2020,2020–2021,8,Female,0,1
5b816a86-8987-49b2-83f5-b2953490b082,2020,2020–2021,8,Male,0,0
07739b75-2206-4715-9c18-6c422ec2f44f,2020,2020–2021,8,Female,1,0
52d1636c-6f8f-4c6b-ac98-576f4d5dc21d,2020,2020–2021,8,Female,0,0
c91319bf-fd27-41d0-b9ea-802669bbc168,2020,2020–2021,8,Male,0,0
5e7ab8dd-c743-464e-965b-6ef0357b2625,2020,2020–2021,8,Female,1,1
89000b2f-f59d-4910-81f5-1c600b99eeb6,2020,2020–2021,8,Male,0,0
6e412db4-a0c2-452a-a02e-3aa86791baf9,2020,2020–2021,8,Female,1,0
5b491dcb-cb05-43f9-9bc4-81320b5796dd,2020,2020–2021,8,Male,0,0
66d7a820-25ee-493b-a659-c8221f478097,2020,2020–2021,8,Male,1,0
19cfcb54-ff3d-4333-9010-4090f5b69602,2020,2020–2021,8,Female,0,1
5115b97a-1a76-4e93-96f1-fb465cb96ecc,2020,2020–2021,8,Male,0,0
584d0b41-f50d-48db-961e-6286c9705c47,2020,2020–2021,8,Male,0,1
08155b55-7e6d-4e88-8e50-7593451ebdb0,2020,2020–2021,8,Female,0,0
e3d59603-68d7-49cc-82f8-c667050a350c,2020,2020–2021,8,Female,0,0
49e49e8a-8fa0-43f0-ae60-5d4fabcfedff,2020,2020–2021,9,Female,0,0
67554421-aea9-4fe7-b549-1fbbbfba8713,2020,2020–2021,9,Female,0,0
9ed641c8-7373-4f11-a426-b814109d16fb,2020,2020–2021,9,Male,0,0
702408e5-dda5-423c-9f4b-af81d80abe84,2020,2020–2021,9,Female,0,1
175aead8-d50a-419e-a369-323bdbeeb1ce,2020,2020–2021,9,Male,0,0
27623ee6-60e8-41e7-9d47-e61583e6d3bb,2020,2020–2021,9,Female,0,0
742026de-b0f7-4f50-93d4-817c155eb7e7,2020,2020–2021,9,Male,0,0
0c976728-0037-4a93-8434-68840586bdbb,2020,2020–2021,9,Male,0,0
07814f1b-fd17-49e3-946c-c44474d663d9,2020,2020–2021,9,Male,0,0
7f3a4c7b-a48f-4109-a879-ca4eb1d4ad9f,2020,2020–2021,9,Female,0,0
b0034062-a0ce-4a02-91f8-8a2a40acd6f1,2020,2020–2021,9,Male,0,0
eba66a49-9d1a-4c03-9e93-b68e611b155c,2020,2020–2021,9,Male,0,0
989fa2b5-29a6-44b3-9d95-a6829590aa7a,2020,2020–2021,9,Male,0,1
dc1aa64c-7783-4c09-8534-fe4d4e19cf03,2020,2020–2021,9,Female,0,0
15454ad3-c6ef-43fb-b779-415a100ddd30,2020,2020–2021,9,Male,0,0
22db70c9-3b68-4c34-9488-3ecb1e56a6dd,2020,2020–2021,9,Male,0,0
ba3d55a8-bcf3-4092-bbb4-acb8bdc411f2,2020,2020–2021,9,Female,0,0
07188c47-cfc3-410b-8e56-dfe9ddf02a4f,2020,2020–2021,9,Other,1,0
7e1970cb-ced4-450a-985c-4b8d7a9a8627,2020,2020–2021,9,Male,1,0
ccc8c7a0-303a-405e-83d9-3be555a5af87,2020,2020–2021,9,Male,1,0
36b1c5fd-883b-432d-b52d-378ad44b7530,2020,2020–2021,9,Male,0,1
858e3a09-b2af-4791-bf70-0d8dcda88d33,2020,2020–2021,9,Male,1,0
9163574f-2e48-44c1-9505-2c68c7873e60,2020,2020–2021,9,Male,1,0
a3f1d1c6-2911-4718-b55e-3df9b622bf93,2020,2020–2021,9,Male,0,0
60378028-93f0-4ee8-aa22-9976588452d6,2020,2020–2021,9,Female,0,0
df42dbe1-0a08-4067-9293-704fb14a4425,2020,2020–2021,9,Male,0,0
bc26dad7-51a7-4530-a8bd-8f3d81318988,2020,2020–2021,9,Female,0,0
a0b06e23-60b7-453a-a9ed-a2e46a8c8cc1,2020,2020–2021,9,Male,0,0
677b365d-1fca-418a-a76e-5509e27123d9,2020,2020–2021,9,Male,0,0
290fb025-ce99-4ba8-9116-254802f5783f,2020,2020–2021,9,Female,1,0
355e9e3d-2d48-4592-a88b-69b6ea34381d,2020,2020–2021,9,Male,0,1
230972cb-4f8d-42f9-85dd-bda71a1a233c,2020,2020–2021,9,Male,1,0
ecbb050f-ce8c-4189-a800-3e451b0581bf,2020,2020–2021,9,Male,0,0
031c9f9b-6c00-4ba8-b3b6-85c8a6a625dd,2020,2020–2021,9,Male,1,1
2fb18c8e-d53e-4001-8f81-73af1feb42d2,2020,2020–2021,9,Male,0,0
6348ccde-e129-4314-909b-eb231a19fc56,2020,2020–2021,9,Male,0,0
e07d31e4-7610-40ce-8f5d-1c35d1162cac,2020,2020–2021,9,Female,0,0
532196fb-552c-4e1f-8547-f26e830b1933,2020,2020–2021,9,Female,0,0
38c72b6e-51b7-4398-aa59-18bdfb2b36a9,2020,2020–2021,9,Other,0,0
197e02a2-3a5b-404d-940a-60d2aa8bfa74,2020,2020–2021,9,Male,0,1
d35b7c12-1d17-468f-a8ac-b2c5b911d5d8,2020,2020–2021,10,Male,0,0
439311ee-63ec-4f76-af64-1ac264899288,2020,2020–2021,10,Male,1,0
781dbebc-4a20-4809-baf2-b4bd7be4d363,2020,2020–2021,10,Male,0,1
04412f42-7ef0-4e59-a6f4-b07850d396e5,2020,2020–2021,10,Female,1,0
c7e615d0-f415-452a-a8bc-5fb6a1f00385,2020,2020–2021,10,Male,0,0
e47285c5-ff75-46c3-a3d1-dcafeee06f9e,2020,2020–2021,10,Female,0,0
6e1ed3ec-19af-4a08-ad51-3e75ff4e7ff6,2020,2020–2021,10,Male,0,0
388d73ff-d772-4b5b-a51a-69e8ba8c7c64,2020,2020–2021,10,Male,1,1
06a34e17-5972-496a-be9c-30beed5b683e,2020,2020–2021,10,Other,0,0
01432470-a113-4ee2-b34d-1ffe791d9a43,2020,2020–2021,10,Male,0,0
1851ce1f-7faf-4336-874c-9fa33c896a4c,2020,2020–2021,10,Male,0,0
90e50bef-3fdd-4052-9c71-2a1cdb57dd60,2020,2020–2021,10,Male,0,0
99598caf-eb8b-44d6-8021-973618062076,2020,2020–2021,10,Female,1,0
14c90cbd-b72b-4fa9-9b4f-5797440b1597,2020,2020–2021,10,Female,1,1
f636f779-4347-4def-a062-789f2404a92d,2020,2020–2021,10,Male,0,0
397ba047-81e8-478d-9d5d-833b299305ff,2020,2020–2021,10,Male,0,0
34737617-37a9-4c57-a6ae-e07d43e2c704,2020,2020–2021,10,Female,0,0
b32785a4-959d-410a-bb5f-871a6f51c51c,2020,2020–2021,10,Male,0,0
2c72279e-3379-4458-9e84-04a8496886c7,2020,2020–2021,10,Male,0,0
bd76f2f0-d836-471b-8118-2831fe677044,2020,2020–2021,10,Male,0,0
e7548acb-6296-4190-a412-906b0eaa1629,2020,2020–2021,10,Male,0,0
03667ca7-d1b7-45f0-bde4-dafccb65a292,2020,2020–2021,10,Male,0,0
59b51b82-1152-4882-8f67-b38f0e930ba4,2020,2020–2021,10,Male,0,0
b4151166-4f6e-4807-a9d5-14309af8a36e,2020,2020–2021,10,Male,0,0
9b1b2ffe-a61c-4ab8-9cc5-b27af3708425,2020,2020–2021,10,Male,0,0
35b6ef68-b774-451c-8422-19de9aa7f510,2020,2020–2021,10,Male,0,0
a12be847-5124-4dab-bce8-a438822b601d,2020,2020–2021,10,Male,0,0
8e18e7e4-49ea-4dff-8a65-363c9c6aa208,2020,2020–2021,10,Female,0,0
9c8d901f-3d43-450b-a839-9543633d53b4,2020,2020–2021,10,Female,1,0
f1c2c5e7-cfc7-49f5-8b64-3456904498fc,2020,2020–2021,10,Male,0,0
edd125e6-5728-4c9a-81f5-e64d93e793f2,2020,2020–2021,10,Male,1,0
e1efc5af-0807-4de1-bddc-bf07c8e49c28,2020,2020–2021,10,Female,0,0
51f57d1d-7c45-4cb6-822c-587de482e2b6,2020,2020–2021,10,Male,0,0
63032b29-f84a-42af-9025-5225f4d2035c,2020,2020–2021,10,Male,1,0
ba364839-7443-4c9c-bfdd-bc343c46b3ab,2020,2020–2021,10,Male,1,0
a27f9545-03de-453d-b0e0-7068019e3975,2020,2020–2021,10,Male,0,0
46ae9702-2cfc-411b-8723-e07b3a53e689,2020,2020–2021,10,Female,0,0
af0f156a-f258-4c9e-abcd-6f1367dad17c,2020,2020–2021,10,Male,0,0
53e4eeff-a6b2-49bf-a1d9-30b70f0f43b3,2020,2020–2021,10,Female,1,1
33a261b5-acca-474d-976c-b046d51ca2d7,2020,2020–2021,10,Male,0,0
1cf70c8a-90b0-4cf8-8684-36001218406a,2020,2020–2021,11,Male,0,0
0d8a8a33-aeeb-407c-be4f-44270718ebb9,2020,2020–2021,11,Female,0,0
fbb176b1-ed2c-4bd5-b99f-afe7589006e0,2020,2020–2021,11,Male,0,0
a35057f7-bd41-4195-bd45-e79d97d99b40,2020,2020–2021,11,Other,0,0
b1145e03-cbc9-48ee-8e30-2dcffca13f27,2020,2020–2021,11,Female,0,0
6377c86f-856d-4e0c-90f3-64ef59bf6b1a,2020,2020–2021,11,Female,0,0
c0c68828-0ad7-4982-8f17-49a80cd1a808,2020,2020–2021,11,Male,0,1
779e40cc-a073-4e5b-936c-b1629f1380aa,2020,2020–2021,11,Female,0,1
2924aeb9-bed9-461c-8c28-147f01b3f356,2020,2020–2021,11,Female,0,0
d589dbe9-d79e-4632-ad4a-1be0cd83814f,2020,2020–2021,11,Female,1,0
56f1a236-7ebb-45a0-b72f-17f53a663e20,2020,2020–2021,11,Male,0,0
806a84cd-b481-4088-b9e7-b2dd3a7de6c1,2020,2020–2021,11,Female,0,0
fe940376-3b31-424b-8c4b-b21ff56bee6d,2020,2020–2021,11,Male,0,1
752e0c8d-ee6c-4db3-ba10-5f6b71111ab9,2020,2020–2021,11,Female,1,0
bf1a6938-f60a-44a2-9f82-d89e25b7512b,2020,2020–2021,11,Male,1,0
2d034ee9-b457-4e3d-b384-95a88eadf5c5,2020,2020–2021,11,Male,0,0
87240866-1989-4ded-bf67-1fa883a9fa6e,2020,2020–2021,11,Male,0,0
696555fe-4b65-4505-987a-f44c185329df,2020,2020–2021,11,Female,0,0
34802358-23cc-4cb5-926b-b3eeb7c897f4,2020,2020–2021,11,Male,0,0
213a083b-3d35-4a28-afc5-d4fd417884fa,2020,2020–2021,11,Male,0,0
8f5b595a-7e80-40e5-800a-037cf5fd9ac5,2020,2020–2021,11,Female,0,0
fabcf26b-befc-43f9-ad88-5e9b0fa7ea85,2020,2020–2021,11,Female,0,0
efe4783c-0165-4c3f-ad2a-dfc639018a77,2020,2020–2021,11,Female,0,0
109e34fe-7a36-4dde-8e42-0ac835028bb8,2020,2020–2021,11,Female,0,0
64ade949-cb7b-49c1-b453-3d3571bd97e8,2020,2020–2021,11,Male,0,0
a21d29de-793c-4a40-8705-21c09877a666,2020,2020–2021,11,Female,0,1
c252a39a-ba59-417d-aa22-04d025f114b2,2020,2020–2021,11,Female,0,0
4295c28b-8a81-4429-a2d9-2df6755367ef,2020,2020–2021,11,Male,0,0
12e74853-e81b-49a4-a222-01659817a1c8,2020,2020–2021,11,Female,0,0
8b0e9467-9096-4398-a98d-afaa6b1fd888,2020,2020–2021,11,Female,0,0
e6a919ee-2910-471f-bf5f-02b88a6521d3,2020,2020–2021,11,Female,0,0
e42990ed-8fe3-492e-a78d-58ed8e5d704e,2020,2020–2021,11,Male,0,0
585726d5-4e47-4975-b5e2-0cea1f136874,2020,2020–2021,11,Female,0,0
42f36d1e-9d93-4603-bd79-4c2acca13e64,2020,2020–2021,11,Male,0,1
6f645a93-e204-47a1-b364-7d289353f50c,2020,2020–2021,11,Female,0,0
386b8b94-043b-4b72-8b7f-0917c5a97dd1,2020,2020–2021,11,Male,0,0
8d12a972-04a4-4307-ac68-97a70ec8a246,2020,2020–2021,11,Female,1,0
1f2f9f54-c1c1-40a6-be8a-01940dab455f,2020,2020–2021,11,Male,0,0
d9ab0204-a196-4e4c-8788-5412d984ebbe,2020,2020–2021,11,Female,0,0
31e0d85d-5e26-4dce-a3c9-2ecc711433f8,2020,2020–2021,11,Male,0,0
d794bc10-2e1c-435c-8442-6344ed0f644f,2020,2020–2021,12,Female,0,0
e19b7ee3-cbff-4d2d-95f8-c09e843cf6b5,2020,2020–2021,12,Female,1,0
323d7efb-5109-461e-a57b-06232d0e14b4,2020,2020–2021,12,Female,0,0
ef600748-6180-4b33-ab09-dc4d00f2d160,2020,2020–2021,12,Male,0,0
b195e263-5e4e-444d-a4e1-b8255375e09f,2020,2020–2021,12,Female,1,1
cb8c047a-8cb5-47bd-bb66-7bc3c372f118,2020,2020–2021,12,Male,0,0
44b9fd34-2784-4755-baef-b4bbbbcade86,2020,2020–2021,12,Female,0,0
41f8728d-cd0d-420c-ae5a-1f18a3222be2,2020,2020–2021,12,Female,1,0
368d9ca1-dc4b-4c7b-8904-abff5de5d73c,2020,2020–2021,12,Male,0,0
f9f9fc38-6c45-4cb3-8401-e4894b18f5bb,2020,2020–2021,12,Female,1,0
18d8ecfb-2579-457f-9451-ada81cbc1da4,2020,2020–2021,12,Male,0,0
b8e915fc-b0ec-414f-9f54-4e659518c5cd,2020,2020–2021,12,Male,0,0
b57b7d4d-4543-4314-acdd-16ec64c42e49,2020,2020–2021,12,Male,0,0
6c9da035-b48c-4953-900c-5c4439caad9a,2020,2020–2021,12,Male,1,0
168dadcd-23f5-4f52-bf91-82e85853a376,2020,2020–2021,12,Male,0,0
483fdcb0-69b3-4e97-90f0-40d91eeed8bb,2020,2020–2021,12,Female,0,1
688d148e-b717-46c6-8ca9-bd3134e13872,2020,2020–2021,12,Female,0,1
529d8e6d-994b-4503-bfab-792d9a1b1a10,2020,2020–2021,12,Female,1,0
8c74a30f-d6cd-4e5d-a326-62a35586e085,2020,2020–2021,12,Female,1,0
06e52b3f-69ac-47b6-904a-2299616d929e,2020,2020–2021,12,Male,0,0
f52e9086-52a6-4ee7-8883-c4e81a614706,2020,2020–2021,12,Female,0,1
1555a8c3-0161-4010-9709-76ce5d7f44b6,2020,2020–2021,12,Female,0,0
6ed463f9-d3b0-4663-87f7-7db63ebff4c6,2020,2020–2021,12,Male,0,1
6f330ae5-8683-47d1-99cb-a453bd0b58ed,2020,2020–2021,12,Female,0,0
f358921c-0349-4f48-a92d-7aeff00fb337,2020,2020–2021,12,Female,0,0
b2331876-7fe1-4a3f-a3f2-3d4b6f5a2685,2020,2020–2021,12,Male,0,0
71070b02-26d7-4baa-8ad6-9e0bcd6fd6d8,2020,2020–2021,12,Male,0,0
040c8ab3-658f-4b29-97f4-d348288516b6,2020,2020–2021,12,Female,0,0
ce30f651-a63a-4533-8e14-88590421de0e,2020,2020–2021,12,Male,0,0
0c956ecb-9c57-4d7a-a5fe-5daca1f2acc7,2020,2020–2021,12,Male,0,0
bcb107e0-b24a-4ddb-972a-cee84ddff1d9,2020,2020–2021,12,Female,0,0
95162077-d772-4886-84b5-3fbfa0a8a26a,2020,2020–2021,12,Female,0,1
20b57650-1769-4ace-90a6-ef38d47132cc,2020,2020–2021,12,Female,0,0
2df57b0f-dbd4-4b36-b5a7-4327934f2edf,2020,2020–2021,12,Male,0,0
804dc720-d73f-4ae8-b229-e23c1c7104c8,2020,2020–2021,12,Female,0,1
a9d45304-167d-47dd-b2df-daec903dcda9,2020,2020–2021,12,Male,0,1
d1a78297-48b1-488c-bdc9-c0fbf61cd070,2020,2020–2021,12,Male,1,0
dcce2a92-3556-4071-beb9-551101ad7303,2020,2020–2021,12,Male,0,0
58d4283a-c041-4519-b207-cf2bf5c1ab19,2020,2020–2021,12,Female,0,0
305ad533-4c9a-45c4-98a3-6ff99f51f710,2020,2020–2021,12,Male,0,0
bb827093-0b08-4a4e-ad01-eda42ad5074f,2021,2021–2022,7,Male,0,0
b886fa28-298c-440a-b2e2-07558a43dbee,2021,2021–2022,7,Female,1,0
34c15f47-bae1-40a7-a65a-64797f110b56,2021,2021–2022,7,Male,1,1
9ad2da49-880c-4934-a5dc-8bae33c9ded0,2021,2021–2022,7,Male,0,0
da219828-c424-4e34-9311-6d8c1bee69e8,2021,2021–2022,7,Male,0,0
35a8fba9-8f1f-4c18-a026-58cb813e053c,2021,2021–2022,7,Male,0,0
471d0ce8-1bdd-4e4d-a9d0-adbc3aef4c78,2021,2021–2022,7,Female,0,0
94871847-085a-4399-8dd6-7fec4f0ea25a,2021,2021–2022,7,Male,0,0
8e350eb7-fcfe-4551-ad8e-449b43c7c401,2021,2021–2022,7,Other,0,1
3e0c86a8-fa37-423f-acd7-dcec7540df59,2021,2021–2022,7,Female,1,0
c535a21d-f554-4e92-8532-b4eee45b8cad,2021,2021–2022,7,Male,0,0
94783284-366d-41f2-a770-56bfc7399ad5,2021,2021–2022,7,Female,0,0
c369ad5f-712d-461e-a4cc-91d23d8c5c79,2021,2021–2022,7,Male,0,0
35534f53-e0fb-4304-ad6c-4ffca3980890,2021,2021–2022,7,Female,1,0
2403bcaf-90e5-4ca1-9501-beacfd29e742,2021,2021–2022,7,Male,0,0
f4a2edd6-bb37-40da-bb56-943860bc3505,2021,2021–2022,7,Female,0,0
4ad74498-f2b9-415b-8835-db6c14e381a7,2021,2021–2022,7,Female,0,0
b4ff3243-b26b-4685-81fc-038e7df9565d,2021,2021–2022,7,Female,0,0
68e9a3e1-543f-4fea-82be-10aed46c2789,2021,2021–2022,7,Male,0,0
40bfd1dd-e0b7-4a8e-90ed-6f0826262af8,2021,2021–2022,7,Female,0,0
e1e703bf-da21-4819-8140-a0eb60599ab3,2021,2021–2022,7,Male,0,0
c24151b8-9776-4fe7-b23d-2507746ef0b6,2021,2021–2022,7,Female,0,0
6168fca1-5848-4e1f-8288-87bb99334663,2021,2021–2022,7,Male,0,0
38adde68-25dd-4f6d-ac50-de2b0057eabc,2021,2021–2022,7,Male,1,0
e9d3d497-6d7b-4db4-b212-8a09564ecece,2021,2021–2022,7,Male,0,0
628479f1-e5cd-459f-b824-d54b948334ba,2021,2021–2022,7,Female,0,0
42d128fb-c99d-4570-aebb-cff56ec36a8b,2021,2021–2022,7,Female,1,0
880ed4d6-650a-4af7-8237-bc10247890d2,2021,2021–2022,7,Male,0,0
d92ec1f1-dd56-4562-9a76-3822075e7cf4,2021,2021–2022,7,Female,0,0
8e5498c2-7e76-4d47-898f-b9a031fde905,2021,2021–2022,7,Female,0,0
826f5edc-ca1f-4b3e-b8ef-8ef5e02e8598,2021,2021–2022,7,Female,0,0
a6a9f6b6-76ef-4a56-b24a-c940afa9a226,2021,2021–2022,7,Female,0,0
597443e3-7d2b-475d-8ed1-1891b600fa7d,2021,2021–2022,7,Female,0,0
786b39d5-5047-4a06-9eed-a02e6900d230,2021,2021–2022,7,Male,0,0
940154d7-e505-496e-bd3e-ec6d57064930,2021,2021–2022,7,Male,0,1
4efef8f7-ed69-4533-9d3f-b184a9a9f8dc,2021,2021–2022,7,Female,0,0
57f97c75-a315-4762-8f40-b38ae71c1ea9,2021,2021–2022,7,Female,0,1
5c211cc0-1b96-43ec-a0a9-91f4545787a0,2021,2021–2022,7,Male,1,0
35e51df6-8db2-49eb-a942-2ff5e7765c30,2021,2021–2022,7,Female,0,0
b014ae33-c8de-4b8d-a5d8-39c3f26fe0eb,2021,2021–2022,7,Female,1,1
aa243d51-0016-456d-ab66-4371553608c3,2021,2021–2022,8,Female,0,0
0eb4679f-edbd-4b15-a1c2-619e72885793,2021,2021–2022,8,Female,1,0
12c235f1-fd1a-49f9-ab13-4d8be2ab3167,2021,2021–2022,8,Male,0,0
4ccdf102-6577-4813-a63c-10653f45c8a4,2021,2021–2022,8,Female,0,0
137cb604-7aea-4a0b-867f-8a09f6300912,2021,2021–2022,8,Male,1,0
8a871b94-978c-4d63-8c8e-cc58caa06a8c,2021,2021–2022,8,Female,0,0
8147da41-f937-43ab-94e1-e9427603024b,2021,2021–2022,8,Male,0,0
85798b4b-f42f-4c89-935b-b1e893daae8b,2021,2021–2022,8,Female,0,0
f99e6a8c-99a8-431b-bbb7-2f626b408b65,2021,2021–2022,8,Other,0,0
36865068-959a-4e1b-9595-e919dbda5c13,2021,2021–2022,8,Female,0,0
8d79762e-42bb-412b-a2e1-cb53dfac1ecf,2021,2021–2022,8,Male,1,0
c81c73ea-caee-4794-9345-6ee3f756671b,2021,2021–2022,8,Female,0,0
38f7dae1-b400-4b67-8d10-ce99ee6c9384,2021,2021–2022,8,Female,0,0
fe94638f-64a9-409a-93a3-dfad769057e8,2021,2021–2022,8,Male,0,0
bfeef313-a36a-4bc2-b0f2-a479cc580b6b,2021,2021–2022,8,Female,0,0
9da1ca93-ac6d-4cbd-acac-591adbabe555,2021,2021–2022,8,Male,0,0
737d5933-dfcd-4145-9e00-2aab2a529a6b,2021,2021–2022,8,Female,0,0
c2dac890-e6eb-402f-9b16-4bce4799d445,2021,2021–2022,8,Male,0,0
af200992-5cdc-4caa-be97-546d01fc0af9,2021,2021–2022,8,Female,0,1
ac043891-1898-45a7-bb3d-0bcafe6b9e20,2021,2021–2022,8,Male,0,0
239afc8d-2897-4242-9030-45f2c23e11cd,2021,2021–2022,8,Female,0,0
b18eb03e-655a-4f4b-84f7-04bcb4660b36,2021,2021–2022,8,Male,0,0
c12657d7-352e-4029-b067-5d1800ba19ca,2021,2021–2022,8,Female,0,0
04931980-19aa-45ff-aef5-b0d22ff87989,2021,2021–2022,8,Female,0,0
2060a7c3-6ee2-4e79-99a3-2ee8063c0c53,2021,2021–2022,8,Male,0,1
fea382b0-0eb0-4c2c-b17b-7ebda544aa66,2021,2021–2022,8,Female,0,0
d3b77f03-7c00-428f-83ad-672e6ed9995a,2021,2021–2022,8,Other,1,0
cf000b92-5330-43bb-8e44-397ef665e875,2021,2021–2022,8,Male,0,0
d793eb53-ce38-42ab-8181-e5fddbc332b0,2021,2021–2022,8,Female,0,0
95859e84-1847-4eaa-8962-d63bc0a3f350,2021,2021–2022,8,Male,0,0
c968f2de-51fa-4541-88fd-ec59c8def2a9,2021,2021–2022,8,Female,0,0
a80014e5-1062-4379-931f-724c8719e39c,2021,2021–2022,8,Female,0,1
ced508bd-00b2-4301-bd04-be28ed1c77fb,2021,2021–2022,8,Male,0,0
318be1b0-6590-45f0-b1d2-93b02862575d,2021,2021–2022,8,Female,0,0
9a631edc-d5b6-44ba-91f4-977cdb001c61,2021,2021–2022,8,Male,0,1
6476388b-0a69-49ba-a4cf-f6bbc7b394c3,2021,2021–2022,8,Male,0,1
69a5a390-5829-47c4-94e4-4d0a724a5bfb,2021,2021–2022,8,Female,1,0
ccfe2dc6-cee8-4ca0-8f5d-deacb8931455,2021,2021–2022,8,Male,1,0
d79c1b49-6218-470f-b2db-cacc1b2c629e,2021,2021–2022,8,Male,0,0
55f8ee0a-3b70-4c7d-91fe-0fb39742399c,2021,2021–2022,8,Female,0,0
ded739f0-b093-4875-83a2-2319ae1626a1,2021,2021–2022,9,Female,1,0
4bc4d4a9-3016-48f8-aacc-8eae1f35984b,2021,2021–2022,9,Male,0,0
a1c98b57-e4e3-4fe9-9ed0-6ce16661d402,2021,2021–2022,9,Male,0,0
9b640d80-0c40-4940-b35e-9ecc3126b95a,2021,2021–2022,9,Male,0,0
ddbfb096-d3fc-49ac-9f3a-6cc14c9e3f2b,2021,2021–2022,9,Female,0,0
fcf03367-dfae-4cc4-b653-5a0757d7b36f,2021,2021–2022,9,Female,0,0
3cc22565-d424-484a-80ed-474ea7736930,2021,2021–2022,9,Male,0,1
de3f0149-0ff5-41d4-b346-dc2ac3c6b88c,2021,2021–2022,9,Female,0,0
ba314c35-a18b-457b-8ad4-6af19bf7cd5d,2021,2021–2022,9,Female,0,0
334b2c89-65e3-4264-86f5-fb567ee6b94b,2021,2021–2022,9,Female,0,0
71467ea2-6390-4f2e-975b-ae404e22da52,2021,2021–2022,9,Female,0,0
e1c0617a-8fc0-4eb1-b47d-4e361fb91264,2021,2021–2022,9,Female,0,1
8f39aca2-c9b4-4b28-9d08-ca0370f07f01,2021,2021–2022,9,Female,0,1
e727aae7-35e4-4b84-a8c4-1372201f0226,2021,2021–2022,9,Female,0,0
08269ccc-67b5-4c9e-8756-f151fbc76562,2021,2021–2022,9,Female,0,0
53fe4711-d868-49d8-bebe-ed0ac9943349,2021,2021–2022,9,Female,0,1
d51ff50f-f7cf-498a-b9c5-6cb75ca987db,2021,2021–2022,9,Male,0,0
d39237fb-ffd7-4f30-967a-2dfb8b562211,2021,2021–2022,9,Male,0,0
ad4a3fdf-68b5-4508-9bc9-aaae761cd3f7,2021,2021–2022,9,Female,1,0
974f41f9-26f8-492a-be93-ccf86d115a08,2021,2021–2022,9,Female,0,0
3bad4e75-97ec-47a9-8497-a02e2f97191e,2021,2021–2022,9,Male,0,0
077abe29-051f-449d-bb25-0df71f0d939a,2021,2021–2022,9,Female,0,0
ac8299c0-7d34-43fc-afd4-a49bdd633ee2,2021,2021–2022,9,Female,0,0
2ac9744b-7ca3-40ac-bacc-a41de9200a4f,2021,2021–2022,9,Female,0,0
861c8d98-6b5d-469d-9c9f-1e47129af071,2021,2021–2022,9,Female,0,1
40e4af53-3786-47da-a2a3-9c28e86f6958,2021,2021–2022,9,Male,1,0
dedcd05e-6a4c-439d-b2ea-9e3d4633d3d3,2021,2021–2022,9,Female,0,0
b2f67735-92be-4e92-ab2f-2dc24321c5ff,2021,2021–2022,9,Male,0,0
a3a54435-88e4-480f-bb39-74a679261993,2021,2021–2022,9,Female,0,0
c8f6e5f7-01ea-417d-80a9-17edc1a3cae9,2021,2021–2022,9,Female,0,0
f00ac741-9391-4c91-835d-e4ba21b94c15,2021,2021–2022,9,Female,0,0
570a421d-3edc-4615-bbbe-6566341f7152,2021,2021–2022,9,Male,0,0
a6ebc5b0-eb6b-448e-b91b-0996bfb7748d,2021,2021–2022,9,Male,0,0
c14c636a-80a6-43cd-8205-bb72c2e2ed2c,2021,2021–2022,9,Male,0,1
5c2c4fdd-82da-4c89-94bd-2849beea4a86,2021,2021–2022,9,Female,0,0
db26ed2d-06d0-4917-8825-2eb9c09524ef,2021,2021–2022,9,Male,0,0
b03689ed-77e7-4c57-baa3-c31e4726189c,2021,2021–2022,9,Female,0,0
fe32eb12-74c5-410a-afce-d3c782697f67,2021,2021–2022,9,Male,0,0
ae22ab00-125f-4a74-a2cf-0e412b1bb51b,2021,2021–2022,9,Female,0,0
dd44b692-882e-4e73-baea-2580a7710dda,2021,2021–2022,9,Female,0,0
40b6b315-e62b-4ed0-8392-2d15708941ea,2021,2021–2022,10,Male,0,0
9e02e09b-818e-4a36-a93f-87f5a5bc73db,2021,2021–2022,10,Female,0,0
609fcd1a-41fa-45fe-8bf5-057664546b0c,2021,2021–2022,10,Male,0,0
676e7114-258d-432e-b50e-f787872c7af6,2021,2021–2022,10,Female,0,0
7250cb8e-5edb-416e-a397-46dfcedb61da,2021,2021–2022,10,Female,0,0
1611cb1b-dbe7-4e67-bd25-3cec890db1eb,2021,2021–2022,10,Male,0,0
386aafea-a691-4173-884f-38af22b301b0,2021,2021–2022,10,Male,0,0
17022401-5b64-49b5-aca9-e6683f942598,2021,2021–2022,10,Female,0,0
2fb737c8-e6f1-47c4-ae06-0fd9b2aaf5d6,2021,2021–2022,10,Male,0,0
a6d415f3-1716-4b93-8c8c-34950166ad4e,2021,2021–2022,10,Male,0,0
978b1349-62ff-4ed8-ae53-e4ccc18793b8,2021,2021–2022,10,Male,0,0
4cb53c3f-310b-4df8-bc3d-697720f349c5,2021,2021–2022,10,Male,1,0
a61ae083-e57c-4c6f-b466-875ed157fc0a,2021,2021–2022,10,Female,0,1
d50f9878-edc9-4fdf-9a0a-0072d259831f,2021,2021–2022,10,Female,0,0
fc74377e-cc55-40d9-8e30-f6780f7a965c,2021,2021–2022,10,Female,0,1
0abfaf9a-f178-443f-8148-c97b66fa4a7e,2021,2021–2022,10,Female,0,0
73794175-3249-48ee-ad17-27688e8ea6ca,2021,2021–2022,10,Male,0,0
a69670ed-a1d4-40ed-8d96-ee6769843ad8,2021,2021–2022,10,Male,1,0
66310aa5-d734-44de-afe2-153af7d5bb6e,2021,2021–2022,10,Male,0,0
272b5d08-244b-4232-8b86-9660dc06229c,2021,2021–2022,10,Female,1,0
b89724ca-d050-4581-bf55-60af183f9fba,2021,2021–2022,10,Male,0,0
148b4db0-5337-40cf-b81c-56a0582263d0,2021,2021–2022,10,Male,1,1
07b804d2-f04e-48b7-b693-265409279384,2021,2021–2022,10,Female,0,0
55200208-a393-45df-ad7a-96998765bf35,2021,2021–2022,10,Male,1,0
b5171298-0a2d-4fa2-acc3-958f66d70418,2021,2021–2022,10,Male,1,0
03d9832b-07dc-4db9-91ed-8c8b742ee3a3,2021,2021–2022,10,Male,0,0
4d084691-d0d7-48e1-bb2b-9117cf11c1d2,2021,2021–2022,10,Female,0,0
edc16a37-e21b-495e-98a2-c58a1ad0307b,2021,2021–2022,10,Male,0,0
93f87789-4295-4929-8c7a-6015f2171087,2021,2021–2022,10,Female,0,0
78245ef0-7702-4e17-93e2-ba5b86edee84,2021,2021–2022,10,Female,0,1
50ff45de-821d-428f-a16d-b828f47b2b99,2021,2021–2022,10,Female,0,0
b7da0c9e-90f7-445d-9bb8-5dc8089ddc13,2021,2021–2022,10,Female,0,0
0729e7d1-19f5-406d-ac2e-80290a722a2d,2021,2021–2022,10,Male,0,0
0d234025-3a66-4c8c-b644-ab2749a07ba6,2021,2021–2022,10,Male,0,0
ac23904a-5a69-419e-84d7-eb61c817e0a5,2021,2021–2022,10,Male,0,0
f9981cd5-7df6-4ec6-87dc-4ae0f2c1b571,2021,2021–2022,10,Female,1,0
687eeb89-6442-4238-8de8-a21f6865cb61,2021,2021–2022,10,Female,0,0
9884a1a2-afdb-4a2b-9580-9fc390397392,2021,2021–2022,10,Male,1,0
6aec49d5-62dc-4bc5-a8c5-e15af705c7c2,2021,2021–2022,10,Female,0,0
e5cf1d6d-8d85-4e84-b921-ec3c6db011a2,2021,2021–2022,10,Male,0,0
6c895794-4cd8-498b-89de-266a6a4ca84f,2021,2021–2022,11,Male,0,0
f6419756-0aae-4dc2-8354-2935e3c7514a,2021,2021–2022,11,Female,0,0
a2f0c17e-9f37-4aba-94c7-220dd0c0175a,2021,2021–2022,11,Male,0,0
4cf57852-bdfc-45cc-ab1e-fcc22c841b1d,2021,2021–2022,11,Female,0,0
a0dedae3-1d9b-4e86-bda0-4d9e0a454c13,2021,2021–2022,11,Male,0,0
748ca96f-f197-4e9e-bcc3-d4529a29738e,2021,2021–2022,11,Male,0,0
7cf9e60a-ecd5-4e52-8137-9140f920630d,2021,2021–2022,11,Male,0,0
f8f5c0a3-7274-4d04-9bdf-e77aa163d379,2021,2021–2022,11,Female,0,0
90a1ec7e-4da8-49ca-9191-c657ffbd1239,2021,2021–2022,11,Male,0,0
b96d8e6e-ade7-43d1-9f96-0e7effc68f47,2021,2021–2022,11,Female,0,0
9ea8b94e-5274-4567-84a8-e9dbcb8bfe99,2021,2021–2022,11,Female,0,0
d3ba2a4b-76e7-48e1-9a04-f2a3cc07fd15,2021,2021–2022,11,Male,1,1
cc61e614-84f2-4884-80ff-95b4e1d15410,2021,2021–2022,11,Male,0,0
03750e8a-bec1-43e4-b85b-975d0d758d35,2021,2021–2022,11,Male,0,0
7c74531b-fbe9-4928-b008-7f18b84d532d,2021,2021–2022,11,Male,0,0
fda75ba8-bd35-4775-bafa-821901de9b91,2021,2021–2022,11,Male,0,0
59a2509e-cffb-4213-91ca-f0ef1649ed77,2021,2021–2022,11,Female,0,0
dafa4d6f-aeaf-41a0-bd10-f3745f3cbe04,2021,2021–2022,11,Male,0,0
c645b5a9-0940-4b1c-8ae5-4a6e44666389,2021,2021–2022,11,Female,1,0
0422566c-f09e-4be3-9848-4003b7edfe0c,2021,2021–2022,11,Female,1,0
fa96327e-8ae3-4a51-9960-f79729b02035,2021,2021–2022,11,Female,0,0
46e766d7-51d5-4c6f-a294-58245c9377cb,2021,2021–2022,11,Female,0,0
c5b34632-94ad-4c0f-9346-8517ec939f8c,2021,2021–2022,11,Male,0,0
98bc11d6-7f3a-4d2c-90b8-976e5f8b6666,2021,2021–2022,11,Male,0,0
05e1dbae-3721-4e63-bc36-db4c87e82dd8,2021,2021–2022,11,Male,0,0
42a76a33-15ce-4355-bf86-d904443c6e93,2021,2021–2022,11,Male,1,0
f4738f88-c4ac-44ce-b522-2fa456a7360b,2021,2021–2022,11,Female,0,0
22880d1c-0ae3-4f40-b9ba-b7f2aea842f3,2021,2021–2022,11,Female,1,0
b4c6ee5f-5ca3-45d2-96f5-428ec8615d5c,2021,2021–2022,11,Female,0,0
845e6f32-7dfc-4e01-ba2f-cdbdce4825b9,2021,2021–2022,11,Male,0,0
ad82d311-0694-4e2d-9721-4db2777cd2d5,2021,2021–2022,11,Female,0,1
fa49d5e6-7bec-4cfc-9ae4-b921c94b4b4d,2021,2021–2022,11,Female,0,0
885464c2-9764-4cbf-bf78-d73954860556,2021,2021–2022,11,Female,1,0
8e9ba807-5915-43a9-b5f8-e3026583629f,2021,2021–2022,11,Male,1,0
7dc30cd9-2cd9-4888-8d10-3168a412b65d,2021,2021–2022,11,Male,0,0
629b00b3-71d8-4936-adc7-bf76bf2c78fd,2021,2021–2022,11,Female,0,1
136a71f7-0e9f-4923-a5c7-849a2243d7c6,2021,2021–2022,11,Female,0,0
701cebec-4c42-45db-a8e1-89b98ce1cb4a,2021,2021–2022,11,Male,0,1
443acdca-5179-450e-9a17-2412193d88a3,2021,2021–2022,11,Male,0,0
875bec4c-5546-494f-81a2-dd567dc064e4,2021,2021–2022,11,Female,0,0
6fb7df53-e038-4a36-9c28-914b0d1f51ed,2021,2021–2022,12,Male,0,0
d8b0b726-1186-4bb1-bed8-424a0e6aba85,2021,2021–2022,12,Female,1,0
e6567f4c-c1ce-4c92-8d5d-2d354be4f19d,2021,2021–2022,12,Female,0,0
a0efb9ca-b111-48f5-88c9-1ea89ee42617,2021,2021–2022,12,Female,0,0
603167aa-48d2-4b32-9624-5ae271ce0b22,2021,2021–2022,12,Female,1,0
2987725a-862b-405e-86ff-5e5fb256af8d,2021,2021–2022,12,Male,0,0
92d705b3-bd5f-4f86-8878-78b29c92e8e8,2021,2021–2022,12,Male,0,0
391315cc-da74-4606-bb7c-a3d9e021969e,2021,2021–2022,12,Male,0,0
a296a5bb-9d01-4917-8bbe-54cab113bb31,2021,2021–2022,12,Female,0,0
8f8f8fe2-337e-454a-aa3f-62e8c84a0da6,2021,2021–2022,12,Female,0,0
62193216-2a76-486b-8ad6-1e7959ea5ca7,2021,2021–2022,12,Male,0,0
2616d525-3b20-451e-80d2-d343a6e13464,2021,2021–2022,12,Male,1,0
dc9417c5-f46a-435d-a978-13b0d926bab6,2021,2021–2022,12,Female,0,1
fce2bdff-b876-4b9b-bed2-f535c3950730,2021,2021–2022,12,Male,0,0
70bd9d7c-207d-4cfd-adce-c88c8e47189a,2021,2021–2022,12,Female,1,0
fc0fae00-76d8-4b80-aa6e-046f65ad5aa0,2021,2021–2022,12,Male,0,0
4cd18eb7-d4c2-434f-9bd3-64941a271240,2021,2021–2022,12,Male,0,0
1ce09a82-d8e2-4615-824d-69f512ac9f18,2021,2021–2022,12,Male,0,0
c7d853a3-e38e-4abd-8a09-81fece203b1a,2021,2021–2022,12,Female,0,0
af20e757-0a7d-45a6-b1d4-6dfb722162cf,2021,2021–2022,12,Male,0,0
c6bba8c2-5903-49dd-bb5e-65e65dfb7529,2021,2021–2022,12,Male,0,0
d33fd1c0-35dc-464f-8c48-33c68ea410e2,2021,2021–2022,12,Male,0,0
a9b826f6-60c2-4d5e-a13c-010d038093e9,2021,2021–2022,12,Male,1,0
a9fbb99a-fb68-44d7-ad3e-385a8d4b1d8f,2021,2021–2022,12,Other,0,0
e12fe602-0f2b-4a37-a74b-c6a8858b63aa,2021,2021–2022,12,Female,1,0
1af2bc9d-4f1b-4b57-a983-6554629fcee9,2021,2021–2022,12,Female,0,0
af4bfdd5-dbea-423a-85e0-8aee3aaa8f37,2021,2021–2022,12,Female,1,0
bcb5eb96-05a2-475b-9f36-7a0775e72ee7,2021,2021–2022,12,Male,1,0
1fb64d94-6b4b-4bb3-9431-79a6715d1c87,2021,2021–2022,12,Other,0,0
d68e9ede-b101-4b46-9c4d-d3e9b0baf22d,2021,2021–2022,12,Female,1,0
f6093acd-7029-4463-8b4f-cf1daa9c7eb5,2021,2021–2022,12,Female,0,0
d60a7521-4962-4581-ba5b-d79a2059f46b,2021,2021–2022,12,Male,0,0
44ed51a4-6937-4758-b8fe-6f04501ed8a3,2021,2021–2022,12,Female,0,0
eb962005-2de6-4cb7-9f22-e0304f9f2039,2021,2021–2022,12,Male,1,0
34b1a880-b843-4c06-9a13-ce3af133dc45,2021,2021–2022,12,Male,0,0
aa96b003-61a8-46d8-b9a1-be34db1e2fb6,2021,2021–2022,12,Male,0,0
06e4eb6d-6759-44e8-b7c9-df8545109708,2021,2021–2022,12,Male,1,0
45a8b5ad-1a9b-4038-844e-cd8cbe7f28fc,2021,2021–2022,12,Female,0,0
72f9399a-b7be-4dae-8bbd-ca9ec55cee41,2021,2021–2022,12,Female,0,0
123b76ae-4e91-4fc6-8b40-088fd51d20c0,2021,2021–2022,12,Female,0,0
35a92481-a0d8-40c4-8151-6b19d9e424f6,2022,2022–2023,7,Male,0,0
b56cb80a-9625-41e5-99b5-200f38dbbafe,2022,2022–2023,7,Male,0,1
487233bf-e01f-44dd-bf7a-17e90bdc7e61,2022,2022–2023,7,Male,0,0
582ec1f3-b6cf-4674-a2bb-4f49be155968,2022,2022–2023,7,Female,0,0
cf175a72-e205-46fe-944d-8d80be0640ce,2022,2022–2023,7,Female,1,0
b302fea6-e042-44cd-9bf5-471fe13b2bbb,2022,2022–2023,7,Male,0,0
46c0500a-796a-4352-abc2-e1870317f697,2022,2022–2023,7,Male,0,0
b476e394-77dd-4b8c-b331-aa8f81a0c307,2022,2022–2023,7,Female,0,0
3f522bb0-fd29-4b81-890e-f575dec27ced,2022,2022–2023,7,Male,1,0
beb3c9fe-32d3-47fd-9925-f69e706fe136,2022,2022–2023,7,Male,0,0
1b37e292-902c-4816-9f34-9984a002f717,2022,2022–2023,7,Female,1,0
c4c6df8d-1152-4c78-bb66-eb1d4520bf81,2022,2022–2023,7,Male,0,0
6433e874-ce6b-4c03-bef6-dafc99104abb,2022,2022–2023,7,Female,1,0
12254ac6-366c-4af3-9d7e-c2b11e5a2dee,2022,2022–2023,7,Female,1,0
e4d17a5c-b1af-40e0-aee2-e2b38abbd4e1,2022,2022–2023,7,Female,0,0
fae8c13a-1bee-4878-98fa-5d1133e41b65,2022,2022–2023,7,Male,0,0
1e49563a-8827-4d53-93dd-8aab5acf997e,2022,2022–2023,7,Female,1,0
8077ad3a-9882-4fbe-94a2-aad25b68be26,2022,2022–2023,7,Male,0,1
565254f4-8cbc-43ca-9554-00e097fcc0c8,2022,2022–2023,7,Male,0,0
f791def1-4542-4256-8d53-738f31a20689,2022,2022–2023,7,Female,1,0
3bd6f1a4-4057-4547-a54a-c273bf7331c7,2022,2022–2023,7,Male,0,0
24422567-27cc-4644-9198-ad97900cff84,2022,2022–2023,7,Female,0,0
5db66096-b360-46b1-b97b-d93c1173ec36,2022,2022–2023,7,Female,0,0
3377cd34-fdca-48b4-b2a1-09b59f4090f8,2022,2022–2023,7,Female,0,0
68d5b10d-fa47-4ac1-bb52-95dedc87c355,2022,2022–2023,7,Male,1,0
20e59b90-1508-422a-ae6e-0baa169b7e1f,2022,2022–2023,7,Male,1,0
59e7b40b-323e-4776-a945-a9b1b671394c,2022,2022–2023,7,Female,0,0
8474e538-d0fc-4f22-a6f2-53ad45dd0b5a,2022,2022–2023,7,Female,0,1
0ef0d1b6-b120-443e-b6de-a6966520f1a0,2022,2022–2023,7,Male,0,0
e1d5d183-155f-44db-b417-a321e5c01512,2022,2022–2023,7,Male,0,0
207a4cbb-866f-4b4f-8bcd-78385adcb4a5,2022,2022–2023,7,Female,1,0
f516596c-57df-4c22-afc6-c103dba4c821,2022,2022–2023,7,Male,1,0
c5da93ce-895e-40ca-859a-46f20010007b,2022,2022–2023,7,Male,0,0
d0afd673-3839-4522-bfdd-2f290ceee81e,2022,2022–2023,7,Female,0,0
8adb1cdc-524f-4d11-9c48-d2e9cba0f8b9,2022,2022–2023,7,Male,0,0
edc70abd-e137-481f-9a23-af5192694cc5,2022,2022–2023,7,Male,0,0
8bc2dc2d-2819-4f50-b4f0-85186723bcf7,2022,2022–2023,7,Female,0,0
aefbf2d9-9f48-4684-8af2-6b6f6575f1e5,2022,2022–2023,7,Female,0,0
2782f0ce-a18f-4d76-a879-c14e2d6cd0d8,2022,2022–2023,7,Male,0,0
76e66f8b-ed0f-43eb-8b5a-ac6cc505b79f,2022,2022–2023,7,Male,0,0
4388fda6-90cf-497e-a773-5290babab207,2022,2022–2023,8,Female,0,0
311042bd-6be8-4737-ab7a-e7350185e95b,2022,2022–2023,8,Female,0,0
fa1b5298-a1aa-4eb2-a62d-f3b2ffabae25,2022,2022–2023,8,Male,0,0
aafb3f14-2596-46a3-b9cc-c58794e5dbdd,2022,2022–2023,8,Female,0,0
c0c9a825-6a83-48e3-ac3b-652fedaebf3d,2022,2022–2023,8,Female,0,0
c69e2ff9-7b1a-4703-aaec-4963d80c89bf,2022,2022–2023,8,Female,0,0
6b1da009-9266-46c1-abb7-2609dd2a0f8b,2022,2022–2023,8,Female,0,0
69b8552a-d574-4607-8c27-f857ff83b2f1,2022,2022–2023,8,Male,0,0
a0356ee3-59cf-4500-89ab-d53ae6ca8c90,2022,2022–2023,8,Male,0,0
979d2f5c-5a57-4ea7-aee7-d2249f8380f1,2022,2022–2023,8,Male,0,0
ffa48e7f-3c65-4ab1-8dfb-3314b76b7bce,2022,2022–2023,8,Male,1,0
6125734f-8b78-4d53-b8fe-c2b814cb2ca8,2022,2022–2023,8,Male,1,0
d1075295-c4ab-4c49-874c-f6e853f59dd8,2022,2022–2023,8,Female,0,0
baf55bc2-4496-4484-a413-b61c887a2118,2022,2022–2023,8,Female,1,0
84094cad-2bfa-4e13-9392-c79aa640caea,2022,2022–2023,8,Male,0,0
baab60ce-1051-4a3b-8fed-e1a81ec8a0a5,2022,2022–2023,8,Male,1,0
713f3969-083f-4dc2-b82d-06e7702e00ea,2022,2022–2023,8,Male,0,0
b5506163-5739-4d37-b71c-6c3015b73ff2,2022,2022–2023,8,Female,0,0
da8a2e86-6656-4846-8258-af8c54f0b1b5,2022,2022–2023,8,Female,0,0
22870bd7-3ebc-4adc-be7c-91ebaa806984,2022,2022–2023,8,Female,0,0
05384cb2-7859-4a29-8aa4-a269c21bd9c4,2022,2022–2023,8,Male,0,0
aa6f7650-0fee-4e84-9c45-2ce24aaefea7,2022,2022–2023,8,Female,1,0
9231f4d9-8c97-4c41-a077-ace1898d4ba1,2022,2022–2023,8,Male,0,0
29ab1b83-7f80-4ed2-8ef1-eea23b53f580,2022,2022–2023,8,Female,0,1
a2700d2a-a1f0-450a-9075-08f6f7356284,2022,2022–2023,8,Male,1,0
c681d758-96d6-4828-af48-c6bf645a50cb,2022,2022–2023,8,Female,1,0
530e86e3-5617-428c-bc1b-a03d7b8a1b91,2022,2022–2023,8,Male,0,0
a4bec598-7273-42e4-8dc4-e3d0bbab9d51,2022,2022–2023,8,Female,0,0
57ddf437-a94d-476c-8ceb-d75c31e2cca3,2022,2022–2023,8,Male,0,0
7ae5afa3-c361-4da7-8a9a-d0f69e4504ad,2022,2022–2023,8,Male,0,0
4873b5d2-4a1a-4d67-8b0d-f6905f674c9e,2022,2022–2023,8,Male,1,0
7ff38a90-71bd-45d6-8692-50e1f6a62c51,2022,2022–2023,8,Female,0,0
5acce6f7-ec07-4c35-85b2-30243d672cfb,2022,2022–2023,8,Female,0,0
8d2492a8-db19-4175-ab9b-261ebf61dda3,2022,2022–2023,8,Male,1,0
2d51d33a-ce9f-49e8-a179-0e3a5991be1f,2022,2022–2023,8,Male,0,0
8158e595-23c1-4d85-81fc-19152df09952,2022,2022–2023,8,Male,0,0
9e18cf52-573c-4006-b105-e4a7a9e608a1,2022,2022–2023,8,Male,0,0
bc0c6c23-f1b5-4e89-bfe0-1ead985bf4d6,2022,2022–2023,8,Female,0,0
f7a9979a-6c74-4afe-978d-67bc26febdbc,2022,2022–2023,8,Male,0,0
fb4657e3-ed7d-4d38-97c6-d780e48b26e3,2022,2022–2023,8,Female,0,0
5e44856c-6981-4747-9746-e2bd97f853e7,2022,2022–2023,9,Female,0,0
9b104470-e2a0-41fa-9cbc-c1452a2893fa,2022,2022–2023,9,Female,0,0
8654e440-8ffb-4f84-9d24-b258cb8a0644,2022,2022–2023,9,Female,0,1
075cd3ff-b5fc-4677-9b80-bda847778176,2022,2022–2023,9,Female,0,0
b9339d75-cb9a-4b03-96a9-785ac2af7b12,2022,2022–2023,9,Female,0,0
d4bfd425-ac85-4e4f-be68-2c0c6e078aa0,2022,2022–2023,9,Male,0,0
e0225f0c-56a0-42af-9681-07685e0753ce,2022,2022–2023,9,Female,0,0
43155fc8-fc54-4862-87ce-35f30c494d67,2022,2022–2023,9,Female,0,0
4d288ced-11a4-4412-890b-747ef1a0a100,2022,2022–2023,9,Female,1,0
4ceafd34-202e-4d79-86ad-1138fd59d25a,2022,2022–2023,9,Male,0,0
2f68c5a0-ea5d-49e9-9ac1-6fc65c58d665,2022,2022–2023,9,Male,1,1
75aeb396-ffed-416e-a6e0-ef71176a2994,2022,2022–2023,9,Female,1,0
379ae160-f7ba-478a-8b75-8390e48c1978,2022,2022–2023,9,Female,0,0
70ed6e15-ee14-4e41-8264-6478f8d3e21e,2022,2022–2023,9,Female,0,0
9904757b-9227-41a3-ae0c-30998c39cf31,2022,2022–2023,9,Male,1,0
91b11cda-27da-425c-84d5-abd2386f3b2b,2022,2022–2023,9,Female,0,0
8d101c94-1660-4557-82db-8bc8d0f5e348,2022,2022–2023,9,Female,0,0
8daf69ab-1497-4987-83ee-bdef25d9b41b,2022,2022–2023,9,Male,0,0
c8cc7f7b-34a0-4c0d-8d45-4dbb33085917,2022,2022–2023,9,Male,0,0
fabd605c-6aa1-4005-a35c-bcbb0bd2d36f,2022,2022–2023,9,Male,0,0
fd026c20-2da0-49fa-8d31-115cc079f1c5,2022,2022–2023,9,Other,1,0
ca108ae6-5e6f-4e87-8bc0-374c96e76b62,2022,2022–2023,9,Male,0,0
8772a8ec-2d2e-4b32-94ea-6628b002b63b,2022,2022–2023,9,Female,0,0
28adf055-5446-4115-90b4-c480275a77f9,2022,2022–2023,9,Male,0,1
8cd68e40-fe64-4e92-9b7f-6242077ce730,2022,2022–2023,9,Male,0,0
22974a1a-4ff8-47ba-8c69-34487a5668d7,2022,2022–2023,9,Male,0,0
f5effb2a-e4ac-4e6b-95ec-d922c488601d,2022,2022–2023,9,Female,0,0
58e5b978-f519-4ffa-8ff9-da265b28830b,2022,2022–2023,9,Male,1,0
aeb05a54-cba3-43c4-93f2-d16d9e45a802,2022,2022–2023,9,Female,1,0
5528a296-ceb8-4dec-a0b8-33cbeed5f362,2022,2022–2023,9,Male,0,0
4e0b226d-6ccc-47a0-97a7-a909175fdaeb,2022,2022–2023,9,Female,0,0
941609d4-89ad-403f-b9d9-e9ec62035286,2022,2022–2023,9,Female,0,0
4149bd95-d27a-405b-b8e3-405f517fcb92,2022,2022–2023,9,Male,1,1
873b3d4b-2fe6-4a83-8dd8-7862ed5c260a,2022,2022–2023,9,Female,1,0
50da7c19-e612-4a9d-97a5-d2d6b9d6a569,2022,2022–2023,9,Male,1,0
9ef7cdbf-c752-46cd-af51-3490d9005fc6,2022,2022–2023,9,Female,1,0
0ab4e4b7-1d90-40cf-8120-3875616a2ee1,2022,2022–2023,9,Male,1,0
07b683bb-500f-4b30-8c5e-16b2c45891a6,2022,2022–2023,9,Male,0,0
2124ec98-b0ed-4ea9-b25c-c95701ff55ce,2022,2022–2023,9,Male,1,0
d11f813d-a6a8-4f9e-af98-efe094fe031b,2022,2022–2023,9,Female,0,0
0a554fbf-77fa-4f13-8e6f-26a1ed2caf25,2022,2022–2023,10,Male,0,0
59770404-ab14-4a84-9698-7e5ba8b57895,2022,2022–2023,10,Female,0,0
8c720198-58dc-417e-a1c7-0f74dc6efb0a,2022,2022–2023,10,Female,1,0
7df83e2b-acb9-43d5-835a-72076ace6c28,2022,2022–2023,10,Other,0,0
5caa98a7-5317-4d96-8fd7-0f296f02fffb,2022,2022–2023,10,Female,0,0
144b52bb-18b9-42b0-bac0-7110e393824f,2022,2022–2023,10,Male,0,0
25093db1-1f72-4cc3-a072-679e1e3bfb2f,2022,2022–2023,10,Male,0,0
05ad64d5-c1e4-45d8-b7a2-7be3f7f33692,2022,2022–2023,10,Male,1,0
cea1e5f1-cf40-4b40-964a-4d1f6f38f56a,2022,2022–2023,10,Female,0,0
f4e35dcf-99ae-4c46-af00-e5d634f92c78,2022,2022–2023,10,Female,0,0
f742599c-b9de-48a5-a570-9f9c9e000b3b,2022,2022–2023,10,Female,0,0
7fd21f8f-a4e9-4f68-bf85-f8e4df6050ce,2022,2022–2023,10,Male,0,1
c5013af1-9c5a-49f9-ad34-d051425afd81,2022,2022–2023,10,Male,0,0
a99cb3bf-0d21-41f5-aa5d-604df0287d28,2022,2022–2023,10,Male,0,0
24a75cb7-8f19-4121-83e6-0c26fcd98d78,2022,2022–2023,10,Female,0,0
6cb61523-d50f-48eb-bf89-8d3a346d0320,2022,2022–2023,10,Female,0,0
970c8885-636c-4ca4-bbce-120797b18e48,2022,2022–2023,10,Male,1,0
9cfee60b-bc1b-4324-a9a0-10b36bb3273b,2022,2022–2023,10,Male,0,0
8765e4ac-4f57-4ff9-92e3-d4c6e0c9d777,2022,2022–2023,10,Female,0,1
5f1bece0-46f6-4e7e-a0d2-2e382e1c789e,2022,2022–2023,10,Male,0,0
8668ebe5-2e3c-45e7-9eda-a474a3fd46eb,2022,2022–2023,10,Female,1,0
c2d43d5a-46a0-4391-ab71-066772348249,2022,2022–2023,10,Female,0,0
c0ba6983-4b56-4998-ba49-9e6c07aa8cfe,2022,2022–2023,10,Female,0,0
c6c95146-8496-4cf2-9bb2-2291823ba414,2022,2022–2023,10,Male,1,0
b92af743-a561-4dce-b1be-0d0bb27b92d1,2022,2022–2023,10,Male,0,0
45b08343-8309-41a5-bdfd-0d5ba520a7f9,2022,2022–2023,10,Male,0,0
c45fdcca-7a5c-4632-8f46-22cef9e9b252,2022,2022–2023,10,Female,0,0
a92f1b16-12df-4cb0-a4d3-d7450f5359ea,2022,2022–2023,10,Female,0,0
f27d397b-035f-410c-94c5-85e60323813f,2022,2022–2023,10,Female,0,0
7a4bced8-11bc-4b86-a156-54fdbf2a6c3e,2022,2022–2023,10,Female,0,0
e8c98b52-432a-409a-b581-bf9fa82e524d,2022,2022–2023,10,Male,0,0
c4eadda7-0c46-4966-ae78-6777d2b17c41,2022,2022–2023,10,Male,0,0
105c2f5d-efb7-4a8c-b77d-d755f0c49e1a,2022,2022–2023,10,Female,0,0
eee678d0-e9fc-416e-80eb-03f1717e956f,2022,2022–2023,10,Female,0,0
dd6f2859-f132-4b61-8845-b9e783ae1701,2022,2022–2023,10,Female,1,0
1bd9488c-08bf-4a10-b411-979a5e65ae35,2022,2022–2023,10,Male,0,0
8b3cdcec-2f7c-4d70-b573-fdbd0d5c4933,2022,2022–2023,10,Male,0,0
4e3e2aeb-6a51-46f5-bf28-322898418b26,2022,2022–2023,10,Male,0,0
dae90807-1603-48d7-9b5c-1239dec01f1e,2022,2022–2023,10,Male,0,1
f3b0111b-86b1-4bd6-ac48-442b6a5f5ff6,2022,2022–2023,10,Male,1,0
72302853-b477-4164-a79d-65f382f3cf21,2022,2022–2023,11,Female,0,0
1df184ca-e0fd-425c-9eb8-8ef8cde8e24d,2022,2022–2023,11,Male,0,0
5b0f22f3-acb8-4fd9-862c-1f47b0ccc18e,2022,2022–2023,11,Male,0,0
b69678b9-c50b-4994-9102-c67f9eecabf3,2022,2022–2023,11,Female,0,0
234cbe0b-e67f-4f5d-a581-1f9c2dd5845c,2022,2022–2023,11,Female,0,0
6201b053-5242-4674-a2bf-4769ec425751,2022,2022–2023,11,Female,1,0
514cdf91-59a3-453e-8b8e-54824b5ea429,2022,2022–2023,11,Female,0,0
0a0e84d7-725c-4124-9944-a0cf3972c77b,2022,2022–2023,11,Male,0,0
048cf310-80a5-4331-b7e4-cf93f306e3bc,2022,2022–2023,11,Male,0,0
b1bf5d6e-26ba-414b-bda3-4c9f797435d7,2022,2022–2023,11,Male,0,0
7834fc2e-a6af-407c-af0f-bea84f1f9683,2022,2022–2023,11,Male,0,0
c4865e06-b0e6-4b9c-8695-43ab22fd1ae5,2022,2022–2023,11,Female,1,0
cdb6dad0-2316-4cd9-a262-634f18375ced,2022,2022–2023,11,Female,0,0
ef7c445a-cf78-49da-a0c5-2c36f3290379,2022,2022–2023,11,Male,0,0
6ff98096-8c99-4e20-802c-4adac9e4742a,2022,2022–2023,11,Female,0,0
8f2716cb-5b50-44a8-941b-c490d3d2bdc8,2022,2022–2023,11,Female,0,0
d0ae5c27-dccb-45a2-9ea1-2ca4c3f06e80,2022,2022–2023,11,Male,0,0
2ac8b89b-96c0-474a-9867-3b11a48340c4,2022,2022–2023,11,Male,0,0
b85dee13-1775-4968-9305-5a31f56b5c6d,2022,2022–2023,11,Male,0,0
c3cb310a-9e80-445d-9f79-dc125497580e,2022,2022–2023,11,Female,0,0
3f1be591-a745-4f09-b2da-dc5961b513e9,2022,2022–2023,11,Male,1,0
ea0d5324-9f06-428d-93ea-7eecf9cd7f48,2022,2022–2023,11,Female,0,0
619be06f-6282-4280-9c95-76d28c4db746,2022,2022–2023,11,Female,0,0
9acf2626-de09-4385-b17f-03134cae0588,2022,2022–2023,11,Female,0,0
47f913b6-699d-42e3-bf62-6b89ac6363ff,2022,2022–2023,11,Female,0,0
b3226fac-4127-4700-a70a-f3bec24cc2c7,2022,2022–2023,11,Female,0,1
66c474dc-a919-4893-a8ed-50d8f2499284,2022,2022–2023,11,Male,0,0
dadea7c7-23c7-4815-a4f2-b4edceeb345a,2022,2022–2023,11,Male,0,0
d7525fec-6ef2-46fd-afc3-a746f70af69f,2022,2022–2023,11,Female,0,0
49c5708e-d4a6-4d6e-8a97-e0033d17814c,2022,2022–2023,11,Female,0,0
69f11318-1a93-4505-85f1-fd90cfddfac4,2022,2022–2023,11,Male,0,0
8a0a1843-8ff6-4601-95e5-667e5d4839d8,2022,2022–2023,11,Male,1,0
d60dfcc8-4556-4c60-81c1-db279d7f0b27,2022,2022–2023,11,Other,0,1
627f3269-ea1d-4867-96e3-c13fb606f86e,2022,2022–2023,11,Female,0,0
9dab79ff-6a92-4600-b1dc-9bc1dbfe1d00,2022,2022–2023,11,Female,0,0
66a674c2-f06e-40f2-9f3f-c151815c0e91,2022,2022–2023,11,Male,0,0
9950c069-fddf-40fc-9cf4-e7bcf8bf8eda,2022,2022–2023,11,Male,0,0
17ad8c37-fe75-4c02-9a45-6e508e446679,2022,2022–2023,11,Male,0,0
6e448585-8662-4f34-8c05-f9b57445b7f2,2022,2022–2023,11,Male,0,0
55f17c04-fb87-48e5-bba2-6f508c56ba73,2022,2022–2023,11,Male,0,0
61341968-9768-4b90-996e-4f2e3f0377a3,2022,2022–2023,12,Female,0,0
dce638fc-1379-4df8-afdc-d1c69c790dd9,2022,2022–2023,12,Female,0,1
ac57688f-d16e-46e9-9486-b59af3a54853,2022,2022–2023,12,Male,0,0
2c1fa959-06ef-4e03-8cc3-4662413e3e57,2022,2022–2023,12,Male,0,0
bdcb069b-7c8b-415a-86d8-1bb2fdba0f3e,2022,2022–2023,12,Male,0,0
062f1eb1-f7d7-477d-a208-05d24bfbf7d9,2022,2022–2023,12,Female,0,0
81725932-bf0b-427e-86d1-ea619c0d7f82,2022,2022–2023,12,Female,0,0
d14344a8-3d4b-4a05-be04-a816dc020de7,2022,2022–2023,12,Male,1,0
ecc9dcee-3fd3-4c61-ac53-bc6423172372,2022,2022–2023,12,Male,0,1
cb15f001-dd46-4f5f-915e-98b3ff0ecdff,2022,2022–2023,12,Female,1,1
4ceb7371-db59-4f41-bd0e-76015c0c6a10,2022,2022–2023,12,Male,1,0
53041091-6fdb-4cb8-91ac-7ee024d1c219,2022,2022–2023,12,Female,0,0
a5990327-ad92-4812-baea-8bc6f6e40ead,2022,2022–2023,12,Female,0,1
8936a2ef-6814-4811-8de1-8938130cc5c5,2022,2022–2023,12,Female,0,1
4dbc2921-22ed-4970-976f-a073d41cbd81,2022,2022–2023,12,Male,1,0
a971651e-76fe-463a-91d9-29e151034040,2022,2022–2023,12,Male,0,0
4ca89dcd-15e2-4c24-9b53-1f34f70b6c9d,2022,2022–2023,12,Female,0,0
f33e983b-f807-4ade-822e-ca0442e4d3b6,2022,2022–2023,12,Male,0,0
a02b050d-e68a-4154-8b75-692c5840ba4d,2022,2022–2023,12,Male,0,0
20b58985-5614-47f5-89f0-96d92a7e4dc3,2022,2022–2023,12,Female,0,0
5a2ddac1-4249-44d3-a1f5-2547ffec7893,2022,2022–2023,12,Male,0,0
964668d7-6d44-4591-a1e6-1174c5c85740,2022,2022–2023,12,Female,0,0
72cb732e-f584-4b28-9366-7f932e76969f,2022,2022–2023,12,Male,0,0
67fc2f04-8370-437e-86fa-41a3ccf0681e,2022,2022–2023,12,Female,0,0
14eafa58-533d-47d2-a3f1-a51ad5aa281c,2022,2022–2023,12,Female,0,0
ceaca38b-60f8-4b38-a5ed-aa72c3decadb,2022,2022–2023,12,Male,1,0
551ff939-0ee9-415e-950a-56c7b384f790,2022,2022–2023,12,Male,0,0
fb23d448-ddf4-470a-ab21-826b82b81fc6,2022,2022–2023,12,Male,1,1
e91b2567-a916-4d80-a8da-274b326f4456,2022,2022–2023,12,Male,0,0
102ed509-21b3-409f-8d9d-9af850faba1b,2022,2022–2023,12,Female,0,0
fd30dbd7-40f8-4c7d-a883-58bdfa9d25a2,2022,2022–2023,12,Male,0,0
504d5667-b007-4c89-9bb8-a161b23a663e,2022,2022–2023,12,Male,0,0
7c94d8f0-d5a0-450e-b90b-268011d9e592,2022,2022–2023,12,Female,0,0
941d91a0-be31-479e-b472-f979b3b05b01,2022,2022–2023,12,Female,1,0
d6680f28-5fb9-43e5-81ea-f2470bc827e5,2022,2022–2023,12,Male,0,0
e37c4a15-5fd7-462e-8232-b39023f66698,2022,2022–2023,12,Male,0,0
c63e5d5f-8630-4703-a09c-808e6b864b6c,2022,2022–2023,12,Female,0,0
79780683-02a5-4b54-a82c-95eb813afcd8,2022,2022–2023,12,Male,1,0
854c425f-cca2-4877-bfac-2c105e226f59,2022,2022–2023,12,Male,0,0
6a6eecac-8009-4a37-8fa6-535fd9424ac1,2022,2022–2023,12,Female,0,0
fa1b3a37-d145-401a-a119-c7f2bb4315ad,2023,2023–2024,7,Female,1,0
da4dd6ad-db64-45ac-9818-32d1fade0956,2023,2023–2024,7,Female,0,1
e4049daa-03fd-4dde-bd61-7b965ce05850,2023,2023–2024,7,Male,0,0
47cd648f-1da1-4420-b484-384c6a36eebb,2023,2023–2024,7,Male,0,0
f3be32a2-e3d9-4604-9756-1f8d4515a617,2023,2023–2024,7,Male,0,0
fe4afa14-64a5-430d-9012-cbdb0554bc4f,2023,2023–2024,7,Male,0,0
4ee48ae9-969e-4ca8-ade8-fe0392703aed,2023,2023–2024,7,Female,0,0
52982b05-907c-47b9-b330-fabbbd017978,2023,2023–2024,7,Male,0,0
f5fb4b74-c4af-42c9-be9d-a08b3baef723,2023,2023–2024,7,Male,0,1
7bb23bd2-06e9-44ae-b075-6ccbb3e16d02,2023,2023–2024,7,Female,0,0
ec0f3fd5-b19d-4635-862e-97de5d764f03,2023,2023–2024,7,Female,0,0
8461aec0-3085-4fbc-88a9-087ff3b9a275,2023,2023–2024,7,Male,0,0
d9cbd149-96ce-4cc4-bbe9-e4ac0a77e7cb,2023,2023–2024,7,Male,1,0
162a72c0-e7a3-4d67-a0ae-d6dd0a68692c,2023,2023–2024,7,Female,0,0
416153b0-5f56-449b-a428-8f6bf8cd8a74,2023,2023–2024,7,Male,0,0
064015a4-c4a5-42ae-a8f5-9387c9bc0366,2023,2023–2024,7,Male,0,1
fef6b0f1-b8da-4658-9f49-30ab983176e8,2023,2023–2024,7,Male,0,0
18ea0511-85f4-4e96-8082-358aed0c2dad,2023,2023–2024,7,Male,0,0
7b7dbae5-5cee-448b-a7e9-9cae953df48e,2023,2023–2024,7,Male,0,0
54377b31-2e1f-4c8d-b4f0-978e616632c4,2023,2023–2024,7,Male,1,0
c4b166b4-a113-45f5-9ebc-ca2b221d34cc,2023,2023–2024,7,Female,0,0
687f693a-f3f9-461e-b9db-098aceac3105,2023,2023–2024,7,Male,0,0
3f91bf38-2a14-4f09-9b70-1292a3bca65c,2023,2023–2024,7,Male,0,0
fe8a186e-90e4-4c90-b3d2-6cf627eb8432,2023,2023–2024,7,Male,1,0
1e14ce81-fa08-4642-8417-da2e44868509,2023,2023–2024,7,Male,0,1
f4eebdd9-5a75-46bb-ad14-42b3488548a8,2023,2023–2024,7,Male,0,0
8b738bfb-e869-4720-a936-dd0cc33d1ca1,2023,2023–2024,7,Female,0,0
81bb7654-3e09-47e8-82e2-52f1505c5d50,2023,2023–2024,7,Female,0,1
b28b9b1b-40dd-431f-a694-874ddafe3de6,2023,2023–2024,7,Male,0,0
34d56016-0ff1-4b25-8201-1b1628a2c106,2023,2023–2024,7,Male,1,0
87447efe-129b-41e9-9b31-5e5dd46870c0,2023,2023–2024,7,Female,0,0
4954f672-6e4d-426e-bdc0-cde320022423,2023,2023–2024,7,Male,0,0
c6f13287-2299-459a-865e-02bad0b4de7a,2023,2023–2024,7,Male,0,0
2f3f30c4-d4a3-4c5b-8a3f-196bf0a63286,2023,2023–2024,7,Male,0,0
f29559ae-4b55-43c6-a8c6-85f2746111b2,2023,2023–2024,7,Male,1,0
2f23049f-fd8e-4d10-a608-625df2a8f8b4,2023,2023–2024,7,Male,0,0
a63d030c-1181-4092-abed-84213f368783,2023,2023–2024,7,Male,1,0
8a8eb1bd-efcd-4263-a00d-92107393cd2b,2023,2023–2024,7,Male,0,0
b15a2cf6-4af5-4d01-8f79-944301f1a634,2023,2023–2024,7,Female,1,0
e22d2013-64dd-4ab5-90cc-2001d54a1cbf,2023,2023–2024,7,Female,0,0
f72bae8f-23a2-4cec-8670-6be97dd8e78c,2023,2023–2024,8,Male,0,0
c9f035a9-c95d-4630-bf15-b6f6faacdf44,2023,2023–2024,8,Male,0,0
71862cdb-4ac6-4bbc-9ea9-58f8defd4d1a,2023,2023–2024,8,Male,0,0
4cc242f3-9e30-4d9d-a0e4-1d487ac81b83,2023,2023–2024,8,Female,0,0
1befba86-ddd0-4dc7-a1f5-cf915bd4a7e8,2023,2023–2024,8,Female,0,0
7d11485c-4b61-49e8-bff4-c9745ce6072a,2023,2023–2024,8,Female,0,0
328afa80-bac3-48bc-b8f8-0b4c2f45c296,2023,2023–2024,8,Female,0,0
eaddf29a-2dbb-41f6-85ff-edad0b8d1ee6,2023,2023–2024,8,Female,0,0
94169ada-1229-41dc-9a24-11a606aed726,2023,2023–2024,8,Female,0,1
5182b3ed-bc5f-45f7-a5b8-2e782d9da4f5,2023,2023–2024,8,Male,0,0
e9adb6ae-c588-4804-b6f7-45690644ae7d,2023,2023–2024,8,Female,0,0
24e2f05b-4f90-4585-84b2-f54a60728694,2023,2023–2024,8,Female,0,0
b4449dff-5c8b-423c-90a1-2daab788e17f,2023,2023–2024,8,Female,1,0
cc562ac0-59aa-4249-860c-0d2c17236310,2023,2023–2024,8,Male,0,1
8d119871-63dd-4375-bdc7-a20fc51621c5,2023,2023–2024,8,Female,0,0
6ecf5cb3-4924-4aff-b644-190695f6a4ad,2023,2023–2024,8,Male,0,0
16a2519d-fe10-4f19-8d10-22ae992b6d07,2023,2023–2024,8,Female,0,0
79fd93a0-3832-40f2-875f-b41f50e76718,2023,2023–2024,8,Female,0,0
c459db7e-825f-40eb-a954-5b8f7311f401,2023,2023–2024,8,Male,1,0
3581eb38-a763-458a-b4e7-83bf6689d35d,2023,2023–2024,8,Female,0,1
d18c46cd-2859-49ec-ac64-b570ea7b9918,2023,2023–2024,8,Female,0,0
6cfe1fa1-d3aa-4003-a29a-3342bc2afe63,2023,2023–2024,8,Male,0,0
a93cb38e-22c3-4cf8-90ec-16cc21bf8236,2023,2023–2024,8,Female,1,0
c23d9168-3860-4457-a464-0b9799d49daa,2023,2023–2024,8,Male,0,0
03e92378-8e22-4bcc-8eaf-ae6572db9a18,2023,2023–2024,8,Female,0,0
55d6af52-4e3d-41cd-bf00-d9c58af0436a,2023,2023–2024,8,Male,1,0
abd026b2-5fe8-4914-9870-37ad9bf6af2f,2023,2023–2024,8,Female,1,0
02d6b483-2d52-49b2-92a5-1de7247e45c2,2023,2023–2024,8,Male,0,0
0dd3993b-7825-48f2-99c9-d7c1b44feb46,2023,2023–2024,8,Male,0,0
60547030-bebe-4dd2-b73c-e8b917a73a90,2023,2023–2024,8,Female,0,0
bfb21b2a-32bd-4db1-aea1-7ab38eb51fec,2023,2023–2024,8,Female,1,0
a642bc4c-217a-4e06-aa5b-be54a0d59bc5,2023,2023–2024,8,Male,0,0
7b4c56fe-d4db-4371-b7b6-f23159b3df13,2023,2023–2024,8,Male,0,0
5d8ee13b-1ec7-417d-a0ed-0cb554654636,2023,2023–2024,8,Female,0,0
b33ddd26-7517-4880-b09b-a0ea0b7775a1,2023,2023–2024,8,Male,0,0
563a9b5a-0834-4e27-94bd-34c3eee580bf,2023,2023–2024,8,Female,0,0
d4cc554b-d35c-47f9-8cc0-4b032d411a60,2023,2023–2024,8,Male,0,0
a0d7803d-7e02-48f5-b861-5b28ff00343e,2023,2023–2024,8,Female,0,0
3490e750-b506-4a67-925f-1e536da5be1a,2023,2023–2024,8,Female,1,0
5f46f6f4-38da-470b-9c41-c53da8fbcb90,2023,2023–2024,8,Female,0,0
077fef04-15bf-498b-924f-09080d057d00,2023,2023–2024,9,Female,0,0
0a4a7c8f-5156-465f-bddf-94b2c682aa26,2023,2023–2024,9,Female,0,0
0db2b74e-e61a-443c-8ff0-81de2c9837df,2023,2023–2024,9,Male,0,1
575a31af-60b6-4c39-aa4c-2438a6672516,2023,2023–2024,9,Male,0,0
5ed2ec09-47df-4945-b427-d915e33b58eb,2023,2023–2024,9,Male,0,0
a58d1cb7-c69f-48f8-bf0d-aa2341f65130,2023,2023–2024,9,Male,0,0
90e40dea-e708-43fa-bdfe-4875e2888a34,2023,2023–2024,9,Male,0,0
5bab2eee-4c2b-4f8d-bfb0-0060a0571d79,2023,2023–2024,9,Male,0,0
889e7bb1-17e6-4195-bf7b-8f4068f086b4,2023,2023–2024,9,Female,0,0
3e6cf936-0519-4d6e-8135-8757fc52db42,2023,2023–2024,9,Male,0,0
fa6d3f24-6d7c-4c4e-b585-74fbdc271de4,2023,2023–2024,9,Male,0,0
b484e177-e604-4f5b-a450-bc8f607ec7c5,2023,2023–2024,9,Female,0,0
47da2c62-086d-46c5-b661-d1ac67492dd6,2023,2023–2024,9,Male,0,0
f1c13deb-3bb7-4616-b2fe-464998bfb383,2023,2023–2024,9,Female,0,0
fe1d07c2-f80f-44d8-a3bf-5fb1a273848f,2023,2023–2024,9,Female,0,0
64990728-529f-4562-96c2-e5f0c1abbed4,2023,2023–2024,9,Male,1,0
9d68b88d-5094-4c8e-8ec4-4b2213684d4d,2023,2023–2024,9,Male,0,0
83def754-3359-4473-8f10-a9c7ae4394c2,2023,2023–2024,9,Female,0,0
4c82aaaa-02a4-480b-bd24-d376ecc18e29,2023,2023–2024,9,Female,0,0
14a4e401-5f61-4acf-a838-526d4361afa5,2023,2023–2024,9,Male,1,0
220d9e92-9cf8-4481-85ba-374da1f05099,2023,2023–2024,9,Female,0,0
4ff26c4b-5e5a-448a-b668-b8cd29e60353,2023,2023–2024,9,Female,0,0
46727b8e-774c-4324-9f67-052649521772,2023,2023–2024,9,Female,0,0
6105c6bc-caff-41d9-9c21-4e4448ef9b19,2023,2023–2024,9,Male,0,1
9bc71b85-b270-446f-b9f4-325541149758,2023,2023–2024,9,Male,0,0
9b0c7c07-801b-407f-a924-6328b105bbf2,2023,2023–2024,9,Male,1,0
e32015a2-e595-4220-9339-3a3a46079c80,2023,2023–2024,9,Female,0,0
227fc24c-bfb1-4284-9c96-70cd61a3823b,2023,2023–2024,9,Male,0,0
82b7a7b0-542b-40fe-a2dc-4c62bcd488a4,2023,2023–2024,9,Male,1,0
77f55f35-0ed9-4e7f-9504-1bae3a5eedcb,2023,2023–2024,9,Male,0,0
575de5fb-7c5c-45e0-972e-e3ede74eb51b,2023,2023–2024,9,Female,0,0
986bbc80-b679-445e-9dce-3ead5c8ad51c,2023,2023–2024,9,Male,0,0
34dbc459-6c00-41ed-ab91-136704c89287,2023,2023–2024,9,Female,0,0
59e42649-a13b-4c5a-a9ce-bb2091f4d535,2023,2023–2024,9,Male,0,0
652f074c-395d-4df1-a29f-df5a92bdc942,2023,2023–2024,9,Female,0,0
65eecf5b-16d6-4138-8638-66b436de5ccd,2023,2023–2024,9,Male,0,0
1f792044-2f5e-4205-b881-22ccc93b520b,2023,2023–2024,9,Female,0,0
e0786672-58ff-4d42-9198-626999a76a0c,2023,2023–2024,9,Male,0,0
6b40f566-5fbe-4f7f-a9b2-789cdaaa51ce,2023,2023–2024,9,Female,0,0
04d21677-fe7d-4506-9045-4531e54504bd,2023,2023–2024,9,Male,0,0
90fc9bb8-fea8-4b80-805b-8e94507aab9e,2023,2023–2024,10,Female,0,0
20292072-1407-4e39-af3b-314fc242b29a,2023,2023–2024,10,Male,0,0
8e35d099-8c29-4280-85c6-4b377593d727,2023,2023–2024,10,Male,0,0
84f2c43b-90be-4904-a32f-29ee757874e7,2023,2023–2024,10,Male,0,0
d8304adb-4a86-49f5-a16e-599acdb29be1,2023,2023–2024,10,Male,0,0
afaf9784-5cfb-4bfe-acef-c34589cebb91,2023,2023–2024,10,Female,0,0
469cad0e-d65a-4526-931e-dc7bc00e06bd,2023,2023–2024,10,Female,1,0
f299e68b-0ec2-4290-8b22-666df3e35882,2023,2023–2024,10,Male,0,0
d36554c8-fd53-4c18-bf83-5f5e4924e000,2023,2023–2024,10,Male,0,0
2a185cdc-817f-4d8c-a466-72d18fa8f9d8,2023,2023–2024,10,Male,0,0
9e9bca29-da2c-4bee-944b-3d2c94d98711,2023,2023–2024,10,Female,0,0
76a5b6bc-e148-440f-ad4e-1a4b85435708,2023,2023–2024,10,Male,1,0
13ea4524-4422-4dca-99cf-040eb9c5ffa6,2023,2023–2024,10,Male,0,0
a646dd5d-4eb8-4cbd-b43d-e925f6de6c44,2023,2023–2024,10,Male,0,0
bfd2574e-cc2c-4454-9c78-a13872d7782f,2023,2023–2024,10,Male,1,0
8576bfae-e47b-4f98-b010-76807381c10b,2023,2023–2024,10,Female,0,0
62f77bcb-eb54-4bec-8c9c-e1970955b299,2023,2023–2024,10,Male,0,0
b8684a5c-68d3-47dc-b6a6-e2f4e8dbe8b9,2023,2023–2024,10,Male,0,0
e1de0059-dd59-4bee-8b39-852703f0cdf4,2023,2023–2024,10,Male,0,0
2a954ce2-9a10-4ee2-bbc9-e95f53856b1e,2023,2023–2024,10,Female,0,0
ce9dec45-3f11-4f87-a92c-cf8cf543ebff,2023,2023–2024,10,Female,1,0
0667c707-8987-4595-a81c-fa807a21a1f5,2023,2023–2024,10,Female,0,0
d9c9434c-83ba-4130-bf10-650b931c106b,2023,2023–2024,10,Female,0,0
beb3e0e7-1509-4656-9a7f-75c3efabba2e,2023,2023–2024,10,Female,0,0
b60c8b2b-2f1f-4ff9-a8bd-8b3a3d13a470,2023,2023–2024,10,Male,0,0
616ba12c-092f-4b37-90ff-8913cc884471,2023,2023–2024,10,Male,0,0
63180fdb-8f2f-4e9d-bb87-f4a2f1141f8d,2023,2023–2024,10,Male,0,0
e09480d1-6505-4b3b-9c66-54a3e4b92ff8,2023,2023–2024,10,Female,0,0
a95b5435-8e09-4acd-8589-d8b96eac2c41,2023,2023–2024,10,Male,0,0
055318aa-bc32-4d4a-be34-039eea13156a,2023,2023–2024,10,Male,0,0
62b2fce3-5186-4da6-b749-e19a80499adb,2023,2023–2024,10,Male,0,0
22c94a65-8999-46e6-a6c8-90314dcfaeea,2023,2023–2024,10,Female,1,0
1183034d-6a92-457c-8ff9-f04dbe0a61e5,2023,2023–2024,10,Male,0,0
cffdba85-291c-49af-a398-7bceeae5c524,2023,2023–2024,10,Male,1,0
130f692c-ff6f-41d8-9d05-b586c3a8f8a0,2023,2023–2024,10,Male,0,0
2b3ea58d-b152-4737-a963-8efa6ced30e9,2023,2023–2024,10,Male,0,0
bb4bbf84-b2ca-406c-aa28-92fff6006c44,2023,2023–2024,10,Female,0,0
53cacd75-5395-4040-b5cc-b8addf528d7b,2023,2023–2024,10,Female,1,0
237cd2bb-929a-4682-9db1-71e358e2f182,2023,2023–2024,10,Female,0,0
a2e3b3e2-1edd-463a-85b6-cd94fb536cfe,2023,2023–2024,10,Female,1,0
f36184ab-654b-4364-8e7e-6c54218cdd56,2023,2023–2024,11,Male,0,0
7e570f19-de46-4c8e-80a1-903e573ba78c,2023,2023–2024,11,Female,1,0
afd846ab-aa48-40c1-9873-d962a0d6a942,2023,2023–2024,11,Female,0,0
c5e19a35-d622-4d19-95b4-e632cacef774,2023,2023–2024,11,Male,0,0
5dd6f66b-7a99-4747-bc69-3692a3157806,2023,2023–2024,11,Female,0,0
61ab4e6b-58fe-4025-b3e7-39acd84f4fbf,2023,2023–2024,11,Male,0,0
549ba59e-b1df-4104-9bc0-9ff9c2e0fcce,2023,2023–2024,11,Female,0,0
283e9018-74ff-4fa3-a534-28ef431b74a5,2023,2023–2024,11,Female,0,0
045b0933-bdd5-47e7-a310-22a6e00c1bc2,2023,2023–2024,11,Female,1,0
761b67ea-504b-40b3-b1b9-5630dc4e4241,2023,2023–2024,11,Male,0,0
3d4293ab-2779-4717-9c72-d6db1c5c4367,2023,2023–2024,11,Female,1,0
f4301721-3aac-4805-a756-0a0ac99990ef,2023,2023–2024,11,Female,1,1
58bb8938-da75-4396-aaa2-298b46b97762,2023,2023–2024,11,Male,1,0
5e8f0ca2-dca9-43f5-85f2-b94cde459537,2023,2023–2024,11,Male,0,0
7a068fd9-78d2-44f2-9537-ea718e19b962,2023,2023–2024,11,Other,0,0
6a4d80f1-3353-494f-939b-b9cd6b70ce27,2023,2023–2024,11,Male,1,1
42ba4add-e7cb-4dab-ba44-6f83e6f23336,2023,2023–2024,11,Female,0,0
6abacd20-b1ab-4d26-a1cb-69a093d631b2,2023,2023–2024,11,Female,0,0
9ad5bde7-10aa-498a-ad28-e4dc8a29e993,2023,2023–2024,11,Male,0,0
eee37585-7756-402b-ad39-0a58c697f26f,2023,2023–2024,11,Male,0,0
bd886310-08cf-4402-bb3c-386c2157d766,2023,2023–2024,11,Male,0,0
7f73452b-ec43-4ef4-ae58-3a68ffdd9b3e,2023,2023–2024,11,Female,1,0
cee208c5-f947-4bd8-a05a-47d8c5849a8c,2023,2023–2024,11,Male,0,0
8f50f5e2-8a85-4a73-abc7-38de53852847,2023,2023–2024,11,Male,0,1
d91d4e64-73ac-4728-b6cc-f06c69a5efe9,2023,2023–2024,11,Male,0,0
8acf5645-2c7a-4529-b340-e592447d4604,2023,2023–2024,11,Female,0,0
ac8cca4e-2d42-493f-89de-2d7f856d6a4e,2023,2023–2024,11,Male,1,0
4dcae723-fc87-4145-ac91-493074344a96,2023,2023–2024,11,Male,0,1
80261f48-b7ce-4792-a67a-97e2002550c5,2023,2023–2024,11,Other,0,0
a2f5a823-ad71-4007-81e4-df76f781ba62,2023,2023–2024,11,Male,0,0
8390d0b3-ddcf-4ce1-a5a9-6c0f3d2ce7f9,2023,2023–2024,11,Female,0,0
dfe3db45-b7f5-42b3-b732-9d7083e0df04,2023,2023–2024,11,Female,1,0
01a2874b-4b47-464f-9070-9c7199c7e645,2023,2023–2024,11,Male,0,0
af6e529a-9acc-4727-9792-62e6a9660ed1,2023,2023–2024,11,Male,0,0
8c7a1c00-bff7-40e5-9fdf-92a5238a4d85,2023,2023–2024,11,Male,0,0
502065dd-9b4c-4690-85dc-e48d59038fcb,2023,2023–2024,11,Male,0,0
65efbbe3-706e-435c-867a-970462d6770a,2023,2023–2024,11,Male,0,0
f9e6a9d3-eeb3-418b-a2cb-29a680cc7ee3,2023,2023–2024,11,Male,0,0
9eb1e249-6dee-4e79-b826-59f96ed527d1,2023,2023–2024,11,Male,0,1
74152de8-47c5-4523-957d-531e9480e98e,2023,2023–2024,11,Male,0,0
ed30cdda-c2fe-481d-afac-9e64699bab07,2023,2023–2024,12,Female,0,0
33a99dc6-396a-4f2a-a0f1-c473e00d36ac,2023,2023–2024,12,Male,0,0
ec10d1bd-0b24-4cbb-a280-c84cbe7e75dc,2023,2023–2024,12,Female,0,0
d53b259e-1028-4d81-adc3-72a13295c034,2023,2023–2024,12,Female,0,0
c0f813af-d6ba-4c0f-8ecf-21fe1ce8ac37,2023,2023–2024,12,Male,1,0
3f5c554b-6f3f-4c3f-a11d-e5ba44bf2e4b,2023,2023–2024,12,Female,1,0
8486e52c-1c0f-458d-a535-061a85a86a0f,2023,2023–2024,12,Female,0,0
58d55bd6-af7c-4a76-b839-bd78959fc597,2023,2023–2024,12,Male,1,0
99782a94-bfbe-46a7-b9ca-bcc52057a748,2023,2023–2024,12,Male,0,1
d8106846-04cc-40b6-a543-61a10051edeb,2023,2023–2024,12,Female,1,0
1734349b-6bdf-472e-b237-1bbe3ba191da,2023,2023–2024,12,Female,0,1
ae1f8621-a036-4d6a-99ce-0df3c484283f,2023,2023–2024,12,Male,1,1
340d493a-438b-489b-9ecd-c64ef583ff3a,2023,2023–2024,12,Female,0,0
03ec39bc-ddfa-468f-92b1-5cbc186f7d53,2023,2023–2024,12,Female,0,0
0dcfc5cf-3abb-4b92-9669-a78b940d1768,2023,2023–2024,12,Female,0,0
0241f710-f593-4d46-98a6-8b724b411626,2023,2023–2024,12,Female,1,0
2d0f98ba-1d08-4d84-a325-bb5f93cf7a33,2023,2023–2024,12,Male,0,0
a93de03f-8abc-4252-a8cd-791d7cf37ebb,2023,2023–2024,12,Male,0,0
c29c471f-f107-43a8-bb51-1ca6e78320ee,2023,2023–2024,12,Female,0,0
a3e517bc-0425-460a-81e1-36db324ecb24,2023,2023–2024,12,Female,0,0
37226f3d-a621-4075-b9f9-9da99f8f248c,2023,2023–2024,12,Female,0,0
7d6daff1-df83-4cd8-9b34-025071791868,2023,2023–2024,12,Female,1,0
0eb9b5d3-dd9a-405e-b652-59e421d945df,2023,2023–2024,12,Female,0,0
aae97013-e407-4ebe-b238-00c102ffdad2,2023,2023–2024,12,Male,0,0
ad50c99a-8609-41d0-9b84-822bb7d0fdbc,2023,2023–2024,12,Male,0,0
4aaba412-67b9-42d0-9cb8-3950a5741fdd,2023,2023–2024,12,Male,0,0
6b3fed20-001c-4598-92b5-f54dc034cae1,2023,2023–2024,12,Female,0,0
978a7cad-ddba-4b7b-982b-476bafef1e99,2023,2023–2024,12,Male,0,0
f95de90a-0c05-45c1-a193-e2e819d49ae7,2023,2023–2024,12,Female,0,0
3fd37c3a-b89b-4fb0-9c3a-7db60a69bb29,2023,2023–2024,12,Male,0,0
a156c254-5bf9-47a3-b0ca-2c82584470c9,2023,2023–2024,12,Female,0,0
11c7c161-e59a-4b32-a0df-a2b990442cee,2023,2023–2024,12,Other,1,0
3978ad09-9fa6-43f1-9c4e-4f25f5b9cad1,2023,2023–2024,12,Female,0,0
4b71ee26-ba61-49dc-8dab-a391d276d494,2023,2023–2024,12,Male,0,0
12efc8fa-1702-47f8-8e90-dd5bb0db3281,2023,2023–2024,12,Female,1,0
828d83f8-e619-47be-a7c4-f5651d2ac2e4,2023,2023–2024,12,Female,0,0
ce8af505-201d-4b4c-97e2-856cedd23a5a,2023,2023–2024,12,Female,0,1
8f715fb6-f283-4a1e-b510-805b7efbb9db,2023,2023–2024,12,Female,0,0
244a6ea5-1b31-417f-bdc3-33df0c2d8564,2023,2023–2024,12,Female,0,0
6bcd2d5b-7ba9-4968-9ebe-7e6886443368,2023,2023–2024,12,Male,0,0
5b43f4a8-0157-4718-902b-779f379eb63c,2024,2024–2025,7,Female,0,0
7760e702-76a6-44c2-becd-64fcf1b3e2b7,2024,2024–2025,7,Female,0,0
cb49ec21-fc36-46f4-b79b-9a2fdad38df6,2024,2024–2025,7,Male,0,1
6a1875c8-519d-4fce-8783-df9a8e37d08d,2024,2024–2025,7,Male,0,0
7438887e-0659-4b9b-862a-523acb84ed6e,2024,2024–2025,7,Female,0,0
e9180a2c-c527-4db5-8057-53540089a273,2024,2024–2025,7,Female,0,0
8d016a76-5f2a-4a19-9ee1-2f0a5e6a223b,2024,2024–2025,7,Male,0,0
155dd001-e630-4e4d-9a3f-4ff0d163a400,2024,2024–2025,7,Female,0,0
80391af3-cc1c-44dc-b773-95a9127459ca,2024,2024–2025,7,Female,0,0
88a7ffe5-e574-44f2-ac2a-b90449676fd6,2024,2024–2025,7,Male,0,0
e2bbb0a4-08cb-419b-88a6-d20ec68fff9a,2024,2024–2025,7,Male,0,0
b2111dcc-3462-4710-8f95-54cf1987b14a,2024,2024–2025,7,Female,0,0
601f7636-4551-45c6-a6a7-2df48fb9cd72,2024,2024–2025,7,Male,0,0
7c8557ff-37c1-46d7-abd8-2723bc18c406,2024,2024–2025,7,Female,0,1
18481905-90e2-4b8b-a625-d0e3f8aead33,2024,2024–2025,7,Female,0,0
79452066-a120-4c27-b357-3d0778ff79a6,2024,2024–2025,7,Female,0,0
ee1884ef-2aa2-49ea-83f5-0132247283ff,2024,2024–2025,7,Male,1,0
96d3d904-f3ae-4e26-ac81-41905b3dac65,2024,2024–2025,7,Female,1,0
5ea4b2ea-86f2-48cb-b023-55be6413d605,2024,2024–2025,7,Female,0,0
66de5b09-465f-432a-b30b-558facca2a74,2024,2024–2025,7,Male,0,1
f06176d0-28c8-420a-b170-a652dabbe06f,2024,2024–2025,7,Male,0,0
bb9983b1-fc96-4b4e-b4e7-1ec4190efc25,2024,2024–2025,7,Female,0,0
d0273f18-c891-483c-8bde-353a1071811a,2024,2024–2025,7,Male,0,0
11bc9494-397e-4483-a867-648845a3ca08,2024,2024–2025,7,Female,0,0
f134649e-a141-4a22-8f3f-881bcd8a311c,2024,2024–2025,7,Male,0,0
20aea4ab-3946-4bc6-8591-b00e84818e55,2024,2024–2025,7,Female,0,0
677b5794-d99f-454d-a3a1-04bbcf3368bf,2024,2024–2025,7,Male,0,0
49a38570-b10e-4744-b263-096b4bb43dc5,2024,2024–2025,7,Female,0,0
48c523a2-712f-42c2-81d4-486e756fbeed,2024,2024–2025,7,Male,0,1
1646d3e2-5b8f-4a17-bdb7-1b9b9641aaa0,2024,2024–2025,7,Female,0,0
616e8407-4a2e-4154-94c6-9b588c0a1c9b,2024,2024–2025,7,Male,0,0
e89de476-aa88-478d-9af7-86092bcb8ee1,2024,2024–2025,7,Female,0,0
94ae31c6-6dd2-4a86-b6f0-f3747a25feea,2024,2024–2025,7,Male,0,1
bad815fc-efc0-499e-8196-cc2b564db721,2024,2024–2025,7,Female,0,0
54e708d0-e3d0-4eb8-867b-65bc679e4442,2024,2024–2025,7,Female,1,1
26529e06-9489-4dd9-a1f0-d5d73534d111,2024,2024–2025,7,Male,0,0
5f92153a-a95b-475e-93b1-af0a220610d7,2024,2024–2025,7,Female,1,0
e4b86a69-131a-4e88-86ec-b8f28943557f,2024,2024–2025,7,Male,0,0
64e752e3-ab43-4d5e-9469-6f523422b03e,2024,2024–2025,7,Other,0,0
60f0b38c-c5f2-48d3-85aa-cab34b952020,2024,2024–2025,7,Female,0,0
93635c13-2f51-4d7b-877b-2acdabab442e,2024,2024–2025,8,Female,1,1
a75d3929-5bc2-43f8-b3dc-1186c80ff196,2024,2024–2025,8,Female,0,1
8b7b2d48-e7d6-4416-9adf-cdfc2cd255d8,2024,2024–2025,8,Female,0,0
b9a9f606-b036-4e17-b1e7-4236ecd21911,2024,2024–2025,8,Male,0,1
c7fa1668-f82a-423f-92d2-3912115263bf,2024,2024–2025,8,Female,0,0
c9c75645-145c-43bf-acbc-697e1920807e,2024,2024–2025,8,Female,0,0
cbd7b65d-5c96-4ea6-b769-8ce0e49fdb83,2024,2024–2025,8,Male,0,1
8a366d9b-3305-4ae7-bd7a-b979de9885af,2024,2024–2025,8,Male,0,0
298b3c69-3af8-477c-8d7f-75d8ae40a7fb,2024,2024–2025,8,Female,0,0
2038a213-bce0-477b-885e-84a605bf5abd,2024,2024–2025,8,Female,0,0
a09642b5-41fd-427c-a99f-756f148ebca8,2024,2024–2025,8,Male,1,0
68d5394a-6025-43a3-99fb-77309aa3bb0c,2024,2024–2025,8,Male,0,0
0cd74485-65db-47de-8301-a78231b4f954,2024,2024–2025,8,Female,0,0
caec5dae-1792-4ad6-92ce-b5ece16441e0,2024,2024–2025,8,Male,0,0
cea58fec-d8a4-49e7-adb0-f26ac9429230,2024,2024–2025,8,Male,0,0
87e6c5c3-f7c2-4342-976f-9ae44481c859,2024,2024–2025,8,Female,0,0
50f39a67-190c-4ab8-b838-e2fedbaf43ec,2024,2024–2025,8,Female,0,0
c9336193-6695-4b7a-8133-c00297512767,2024,2024–2025,8,Male,0,0
abee41b7-66de-433b-a245-08308d1ea14b,2024,2024–2025,8,Male,1,0
efa30081-9478-4b1d-8e18-c688888bd107,2024,2024–2025,8,Male,0,0
54cf0679-03cf-4b40-a947-19870a8392d0,2024,2024–2025,8,Female,0,0
17fa74b3-eab1-44c7-992a-02906ea60e7c,2024,2024–2025,8,Male,0,0
2627b166-2fbf-4e94-81c1-37763b2671c6,2024,2024–2025,8,Male,0,0
4d762597-fd6f-4e03-adfc-08f83103b20c,2024,2024–2025,8,Other,0,0
77c829d8-f1a9-40c4-92e0-935c33d95ba9,2024,2024–2025,8,Male,0,0
d598f826-5383-4f9b-b45a-88f55343934b,2024,2024–2025,8,Male,0,0
46bb408f-fc4f-43ea-9870-726ea9f81de3,2024,2024–2025,8,Female,0,0
ec5c3420-87e0-4642-ab2c-361de1a0938e,2024,2024–2025,8,Male,1,1
3aea8b52-4e07-494e-bafa-66fe9333ac1d,2024,2024–2025,8,Female,1,0
8087f941-f73a-4fcb-9177-75664a2007a1,2024,2024–2025,8,Female,0,0
11fffba2-29b2-4223-a4f3-b36d53053728,2024,2024–2025,8,Male,0,0
16a87f45-575b-46d2-b796-ec7f8c56d116,2024,2024–2025,8,Male,0,0
62f1c196-f19d-41eb-917f-7fa8fca47ed2,2024,2024–2025,8,Female,1,0
5af35160-279e-44da-b64e-9b2ecfdbadef,2024,2024–2025,8,Female,0,0
cfa7ba22-f132-483d-b8f4-4c63f0170209,2024,2024–2025,8,Male,0,0
249b5026-8465-4ebd-981d-55a0e374053c,2024,2024–2025,8,Female,0,0
5b619d2d-034e-428c-bb10-3ccad26e570b,2024,2024–2025,8,Male,0,0
ca55d009-2513-41ff-b80f-ad1c6f7205f6,2024,2024–2025,8,Male,1,0
e7edf438-1c6f-4588-9423-b8c436159f40,2024,2024–2025,8,Female,0,1
1baa8acc-b79d-4cc5-8f5b-8bc008ba6297,2024,2024–2025,8,Female,1,0
d9d17ef2-a2da-47f1-a402-938706d01a45,2024,2024–2025,9,Male,0,0
9e4ed712-14ff-4c0f-a300-a63e0e833975,2024,2024–2025,9,Female,0,0
6936d647-d8c5-4802-b85d-cb561446a66f,2024,2024–2025,9,Male,0,0
cac9b5e0-86ba-4ae2-9519-c86ea5675264,2024,2024–2025,9,Female,0,0
cc6e9150-c614-45d9-8167-8687e9833b25,2024,2024–2025,9,Male,1,0
33980537-d40e-4af0-9c56-cb9f86abaa3f,2024,2024–2025,9,Female,0,0
b1d73105-15de-4f19-ab00-f7902fc8c22b,2024,2024–2025,9,Female,1,0
29c3fc24-7014-48ff-bbe8-5d36b1f63b92,2024,2024–2025,9,Male,0,0
5cbe9de5-8ecb-4263-b7f2-4480eb5c2023,2024,2024–2025,9,Female,0,0
7578b5a5-3e98-441e-afc6-d97853aed242,2024,2024–2025,9,Male,0,0
35db4187-8410-4ded-9a8b-8122eb351054,2024,2024–2025,9,Female,0,0
e66fb045-0b0f-49e2-8eba-db7b911a5568,2024,2024–2025,9,Male,0,0
c54ac143-9213-4c81-8a69-f0a2aad0fad4,2024,2024–2025,9,Female,1,0
95c0ff25-6c43-4d7f-8a3d-063a660c8b56,2024,2024–2025,9,Female,0,0
d0d41e4b-7c6b-4706-8e8b-34323dfe534b,2024,2024–2025,9,Male,0,0
900d736d-d405-4b8d-b7de-b96f7791c982,2024,2024–2025,9,Male,1,0
3dfbea7e-91b7-43bc-ba80-53a20020d009,2024,2024–2025,9,Male,0,0
22cecfa6-032d-4327-94c9-655f8c481ac7,2024,2024–2025,9,Male,0,0
bd949dab-d8f1-4fd1-8eeb-82409482630b,2024,2024–2025,9,Male,1,0
c0439833-e834-4371-8581-65ea779cf7cd,2024,2024–2025,9,Male,0,0
78078a14-996e-4566-851b-45bea93512c5,2024,2024–2025,9,Female,0,1
1668db12-b1f6-47df-8750-7701ec5d0107,2024,2024–2025,9,Female,1,0
5e6fdb48-1d37-4113-9da2-e12d7f423f06,2024,2024–2025,9,Male,0,0
e222c3d3-df90-4ef8-b655-5871c2ffa561,2024,2024–2025,9,Female,0,0
7e371ad7-c398-4aec-a91a-a0787ba24e77,2024,2024–2025,9,Female,1,1
d4e324e1-f96d-42a7-a302-508017a5a007,2024,2024–2025,9,Female,0,0
36a77bc0-8f60-4e38-84fd-6b309d66ff42,2024,2024–2025,9,Male,0,1
348d646f-30ce-4aea-a73f-bbbbd9565f3f,2024,2024–2025,9,Female,0,0
5510d022-4539-49f6-84f1-3c3f220df10b,2024,2024–2025,9,Other,0,0
d4606532-4b4b-47d6-9fad-7e0d9fde8515,2024,2024–2025,9,Male,0,0
8606cc9a-0f54-4e2b-a136-50460237f844,2024,2024–2025,9,Male,0,0
bfcd74db-074e-4a28-9f7b-c9dc223c21bc,2024,2024–2025,9,Female,0,0
6422a1fb-4cca-4940-8cd1-889b98062cde,2024,2024–2025,9,Female,0,0
48a2913f-a6f5-4fe1-acb7-680aa0c427a3,2024,2024–2025,9,Female,0,0
4d47121b-c130-4354-988b-c24662edb780,2024,2024–2025,9,Female,0,0
6bc5dfb6-89b7-409d-80ab-3504090a4be7,2024,2024–2025,9,Female,0,0
e2a9f122-8284-47f9-9ccb-3244d9a46b30,2024,2024–2025,9,Female,0,0
9c83cd44-7079-4fa4-ae10-b2caa7a19e9b,2024,2024–2025,9,Male,1,0
f6e4f638-2c12-443b-896d-f4c2b1030e9b,2024,2024–2025,9,Female,1,1
8a4b921d-7172-4cd3-8e2d-02f694681b42,2024,2024–2025,9,Female,0,0
54a92283-ed40-41ea-97d6-be67cf227471,2024,2024–2025,10,Male,0,0
406160d8-cd5f-4fbc-aa3d-5c8991b164e1,2024,2024–2025,10,Male,0,0
fa24acee-0c43-41fb-b27a-3c5555d0b673,2024,2024–2025,10,Female,0,0
3760b326-346b-4e16-8397-693a5351eb49,2024,2024–2025,10,Female,1,0
7a0af871-4f46-44bc-af57-5493cddce2a3,2024,2024–2025,10,Female,0,0
94a556ad-9c35-4bfe-8f12-e432003e40c1,2024,2024–2025,10,Male,0,0
a20ef7d6-9a7a-4d1d-ae06-c665b314f036,2024,2024–2025,10,Female,0,0
3e76ee10-0e5a-491b-a884-2315d1337d42,2024,2024–2025,10,Male,0,0
af82842c-3b6c-40fe-a9c1-4a9ef568bf23,2024,2024–2025,10,Male,1,0
36896ee9-0b8a-4335-ba75-3048e62e1ef9,2024,2024–2025,10,Female,0,0
6e8ac4b9-3247-4772-b790-d754ccd840d9,2024,2024–2025,10,Female,0,0
5484c927-427f-413c-ab69-04b8fa21262f,2024,2024–2025,10,Female,0,0
a995c6e6-82db-415e-9735-0afbbc9f08fc,2024,2024–2025,10,Female,0,0
087daa11-112a-4cf4-9c8b-e0ca6b4f1825,2024,2024–2025,10,Female,0,0
2d0882bb-72ee-4586-8171-11a199140e07,2024,2024–2025,10,Male,0,0
3f7ade0b-4fd5-4b11-8938-d4672423e9d4,2024,2024–2025,10,Female,0,0
c33e6d41-a529-4f7d-bced-8109f36c363a,2024,2024–2025,10,Male,0,0
843f7617-2199-42bf-af19-61a2008a64ea,2024,2024–2025,10,Female,0,0
994a196b-02de-4b2c-8a71-5b27848de0c7,2024,2024–2025,10,Male,0,0
2f57cfca-eaf2-4e12-9b96-33bf9044427c,2024,2024–2025,10,Male,0,0
da4f0555-6624-4269-b94e-9311711b11ac,2024,2024–2025,10,Female,0,0
1ea4e52a-779a-443d-9e72-a3e92c2aed1e,2024,2024–2025,10,Male,0,0
c65a357f-62d6-4afa-87f0-dd8da564268e,2024,2024–2025,10,Female,0,0
1b4fd0c6-6e14-41c0-b032-6ff19bb4dc1a,2024,2024–2025,10,Female,0,0
56bdbfef-bf23-45e8-8f48-b5badaf2ce67,2024,2024–2025,10,Female,1,0
27d91a4c-b2d4-4aff-9bb2-5ef3c9feef84,2024,2024–2025,10,Other,1,0
460dd62c-a85b-438b-8735-511c5c1ce631,2024,2024–2025,10,Male,0,0
8cfb36cd-2e81-4203-988f-2d639471786e,2024,2024–2025,10,Female,0,0
e766bcfc-97b1-438e-af29-68f935cc786c,2024,2024–2025,10,Female,0,0
b33b309d-cc65-4ea8-aefa-72b875e083f9,2024,2024–2025,10,Male,1,0
6c05ce33-3e0a-4519-a4ab-ef928d5187f4,2024,2024–2025,10,Male,0,0
fbcfa583-df7c-4b15-9000-4d3684692fb3,2024,2024–2025,10,Male,0,0
16c5b101-dd56-49fb-ac32-f7102358172e,2024,2024–2025,10,Male,0,0
b6744fa0-239c-499a-b8f1-7f481db261c5,2024,2024–2025,10,Other,0,0
b1c36ff7-bedf-448d-bdf4-40226e097af9,2024,2024–2025,10,Male,0,0
b7f5883c-62fc-41b4-9d18-6620ceffe490,2024,2024–2025,10,Female,0,1
c732e15d-f785-4f65-992a-1e4b2ab45bc6,2024,2024–2025,10,Male,1,0
36c12263-8eb7-4f01-b805-2a1812ef6af0,2024,2024–2025,10,Male,0,0
2a25e8b3-ad4a-495e-a108-d220540d3cf3,2024,2024–2025,10,Male,0,0
16926e2a-1bd5-44af-9e69-3df4d52147ad,2024,2024–2025,10,Female,0,0
f3589a2d-d4d5-427d-a79c-4c800851dd03,2024,2024–2025,11,Male,0,0
96262924-c244-4e9d-90b2-b740b38f9de2,2024,2024–2025,11,Male,0,0
702f290c-e680-40cb-bd12-7372160d91f1,2024,2024–2025,11,Female,0,0
be88df34-6c69-438a-bf07-3102ca749291,2024,2024–2025,11,Female,0,0
e4b9eba2-5ad4-4cc2-bfdf-4d452bcf8966,2024,2024–2025,11,Female,1,0
51c3b448-b69f-46bd-9970-956b371b50be,2024,2024–2025,11,Female,0,0
29bbeea5-0d22-47a8-9b90-6d9b4ae947e3,2024,2024–2025,11,Female,0,0
f6eec4b8-af86-4cbe-9d26-ad33087570ab,2024,2024–2025,11,Female,0,0
16d261d9-4ab7-4b83-92f0-036e5e0376ce,2024,2024–2025,11,Female,0,1
2dfc9f26-77fe-4ebc-b747-3690b4a5e4b4,2024,2024–2025,11,Female,1,0
3cf304b5-9ce1-43a3-b239-0f0a14d9fdb1,2024,2024–2025,11,Male,0,0
21a99b4f-d1a3-4813-a7fc-5a7e93ef56a8,2024,2024–2025,11,Female,0,0
8aeef63d-b72c-4e4b-a18b-00a0bd148a2b,2024,2024–2025,11,Male,0,0
243e4de2-4b31-4aa7-9d7a-e7717e639bb2,2024,2024–2025,11,Male,0,0
259f8def-0807-446a-ba74-8d53417f62ab,2024,2024–2025,11,Male,1,0
7221aadc-621a-4620-ba8c-97c554bdc37b,2024,2024–2025,11,Male,0,1
68d025ed-fe30-4b8d-a13a-092fcee7e6dd,2024,2024–2025,11,Female,0,0
68100bec-c973-4bc6-ae80-19f88e530320,2024,2024–2025,11,Female,0,0
9b53ed1e-182e-4275-a360-acc294777c97,2024,2024–2025,11,Male,0,0
01310e33-6495-422f-8fc4-f87a51bb8e83,2024,2024–2025,11,Female,0,0
1c1b8898-a718-4c39-a81a-b6d3817b642e,2024,2024–2025,11,Female,0,0
a73c1d14-9d51-4b24-aa18-6c2be66fb528,2024,2024–2025,11,Male,1,0
30295bcc-ba61-4153-9d54-c6dbd7ea8151,2024,2024–2025,11,Female,0,0
8c8bcae5-1b47-44f8-9851-9595e79f38ea,2024,2024–2025,11,Male,0,0
e45e7da8-44ad-4b41-a6a6-782974915faf,2024,2024–2025,11,Male,0,0
ed96bdc1-37f7-4157-8434-89c690b182a4,2024,2024–2025,11,Female,0,0
883324f8-b1dd-44e1-a0c0-cdcbdbda1011,2024,2024–2025,11,Male,0,0
a4ec4448-edd4-4de4-92cf-b34cd9f0de46,2024,2024–2025,11,Female,0,0
3fb56fa5-17f8-46e5-bb73-b846943dbe77,2024,2024–2025,11,Male,0,0
c62cbaa8-0ee8-41ec-983c-1434e026962f,2024,2024–2025,11,Female,0,0
a3beb4b6-5f4f-4748-aa7b-c38979a1fd03,2024,2024–2025,11,Female,1,0
bab3beb0-089a-4147-83f0-93bcdcc06e0b,2024,2024–2025,11,Male,1,1
3d6f567f-def7-4e99-b659-7eddca004de6,2024,2024–2025,11,Male,1,0
2bc45d76-520d-4fbf-98d9-91deb8bf905e,2024,2024–2025,11,Female,0,0
f575a29f-60d0-4230-b758-d58f2041235e,2024,2024–2025,11,Male,0,0
3e7508a4-4652-4bfc-a948-51243c68fde3,2024,2024–2025,11,Male,0,0
6e254f26-fb12-4f86-99b9-c845394e7b91,2024,2024–2025,11,Male,0,0
4b9fedbb-f8e4-4273-a0bd-780698b73519,2024,2024–2025,11,Male,0,0
c51fe29c-ad80-4b25-95a1-dd31cbd7b12c,2024,2024–2025,11,Male,0,0
b1ac3677-b180-4df6-ae3d-8ff9d040a3f9,2024,2024–2025,11,Female,0,0
60979c87-7e3d-4ca4-af8b-489adda08a3b,2024,2024–2025,12,Male,0,0
468279f9-d101-407b-bcd0-c5cc64231db4,2024,2024–2025,12,Male,0,0
e97c8d7c-6106-47cd-bf73-dda94578df14,2024,2024–2025,12,Male,0,0
54667db4-427b-4db7-bb79-065a4561dfc8,2024,2024–2025,12,Female,0,0
afab4985-4198-49eb-9573-d2571b21eb52,2024,2024–2025,12,Male,0,0
2fdf967e-ee41-4014-b0f9-7c4465d2205f,2024,2024–2025,12,Male,0,0
3a5ba5c5-4a70-401a-a37b-1679d3cf0b9c,2024,2024–2025,12,Male,0,0
8c72c588-efc6-4f67-8398-50c81ab8bf95,2024,2024–2025,12,Male,1,0
5c38e3c2-c9f3-41f5-a30f-d37644f8dff6,2024,2024–2025,12,Male,0,0
1a372bd6-e93a-4038-9f4f-0fb9487412fa,2024,2024–2025,12,Male,0,0
9cd2101f-40ae-466f-ab7b-5d4a59e4f8f0,2024,2024–2025,12,Male,0,0
29d0fc31-9c7b-4cae-8f3c-05665338e673,2024,2024–2025,12,Male,0,0
08899a8c-39dc-4370-b2d2-6395f764ae7a,2024,2024–2025,12,Female,0,0
b5aa9a49-c5f2-449e-84e6-ae941e94df17,2024,2024–2025,12,Female,0,0
238fecd1-9c4b-4173-89e6-8d2558b03e69,2024,2024–2025,12,Male,0,0
2ec44ee1-3fc2-448e-ae81-953ea6afff92,2024,2024–2025,12,Male,0,0
3eef8817-d92a-4e5c-a7d4-6660a0cff751,2024,2024–2025,12,Male,1,0
24b3cfa0-4b7c-4c83-af00-624e8c22f9f0,2024,2024–2025,12,Female,0,0
4f6eefff-dbbb-4d82-96be-3ee0bd643fae,2024,2024–2025,12,Female,0,1
f529251b-95df-473e-b9a5-19c4e6262f9a,2024,2024–2025,12,Female,0,0
2bdba061-4fed-4016-b5bc-fce6e1c4c8d7,2024,2024–2025,12,Female,1,0
44551bfc-ddfc-4191-91e7-129dd4572637,2024,2024–2025,12,Female,0,0
37ae92c3-5c4f-4706-b293-7078345693b0,2024,2024–2025,12,Male,0,0
7ab458dd-b1d2-4eb7-a2af-97d6797569c8,2024,2024–2025,12,Male,0,1
0298b826-7350-4a37-b9c1-34948cba565d,2024,2024–2025,12,Female,0,0
855a121c-1619-468c-8c0c-26e0ddc8c176,2024,2024–2025,12,Male,0,0
8fcb31b0-64d2-4777-852a-c3b8b0e0b372,2024,2024–2025,12,Female,0,0
80a1cc3a-dbd1-44dc-9e22-98d57a86e48f,2024,2024–2025,12,Male,0,0
a015aa70-6e37-4036-9146-04c1b411ef49,2024,2024–2025,12,Male,0,0
e4d26577-3777-4959-9951-f82b69123ffc,2024,2024–2025,12,Male,0,0
d4f1905a-28af-469e-864d-b938e48075dc,2024,2024–2025,12,Male,0,0
3529c0d2-11fe-46e8-b3c1-b1b8f812615b,2024,2024–2025,12,Male,0,0
b3d33fbd-0543-4790-adee-1d86b80c50c9,2024,2024–2025,12,Female,0,0
851ac64b-e797-4b01-ab93-5433e27adfa6,2024,2024–2025,12,Male,0,1
55d801b8-ae87-43be-884e-ae39b7f10332,2024,2024–2025,12,Male,0,0
1be75151-17e3-43d5-b6e8-af7c76d8eed2,2024,2024–2025,12,Female,0,0
a2b797d6-3eda-464b-815a-8932aa380c95,2024,2024–2025,12,Male,0,0
c3dc2d74-2c5a-4321-bcb1-0d1a0d986e3d,2024,2024–2025,12,Male,0,0
43e6d42f-2721-472b-b03b-85ff6e94d3c8,2024,2024–2025,12,Male,0,0
190441ab-f29b-4eae-9d94-020161464f37,2024,2024–2025,12,Female,0,0
