student_id,year,grade,class,gender
1,2020,7,7A,Male
2,2020,7,7A,Female
3,2020,7,7A,Male
4,2020,7,7A,Male
5,2020,7,7A,Male
6,2020,7,7A,Female
7,2020,7,7A,Male
8,2020,7,7A,Male
9,2020,7,7A,Male
10,2020,7,7A,Female
11,2020,7,7A,Male
12,2020,7,7A,Male
13,2020,7,7A,Male
14,2020,7,7A,Male
15,2020,7,7A,Female
16,2020,7,7A,Male
17,2020,7,7A,Female
18,2020,7,7A,Female
19,2020,7,7A,Female
20,2020,7,7A,Male
21,2020,7,7A,Female
22,2020,7,7A,Male
23,2020,7,7A,Female
24,2020,7,7A,Female
25,2020,7,7A,Female
26,2020,7,7B,Female
27,2020,7,7B,Female
28,2020,7,7B,Female
29,2020,7,7B,Female
30,2020,7,7B,Female
31,2020,7,7B,Male
32,2020,7,7B,Male
33,2020,7,7B,Female
34,2020,7,7B,Female
35,2020,7,7B,Female
36,2020,7,7B,Male
37,2020,7,7B,Female
38,2020,7,7B,Male
39,2020,7,7B,Male
40,2020,7,7B,Male
41,2020,7,7B,Male
42,2020,7,7B,Male
43,2020,7,7B,Female
44,2020,7,7B,Female
45,2020,7,7B,Female
46,2020,7,7B,Female
47,2020,7,7B,Female
48,2020,7,7B,Male
49,2020,7,7B,Female
50,2020,7,7B,Female
51,2020,7,7C,Male
52,2020,7,7C,Female
53,2020,7,7C,Male
54,2020,7,7C,Female
55,2020,7,7C,Male
56,2020,7,7C,Female
57,2020,7,7C,Female
58,2020,7,7C,Male
59,2020,7,7C,Male
60,2020,7,7C,Male
61,2020,7,7C,Male
62,2020,7,7C,Male
63,2020,7,7C,Male
64,2020,7,7C,Male
65,2020,7,7C,Male
66,2020,7,7C,Female
67,2020,7,7C,Female
68,2020,7,7C,Male
69,2020,7,7C,Female
70,2020,7,7C,Female
71,2020,7,7C,Female
72,2020,7,7C,Female
73,2020,7,7C,Male
74,2020,7,7C,Female
75,2020,7,7C,Male
76,2020,7,7D,Female
77,2020,7,7D,Female
78,2020,7,7D,Female
79,2020,7,7D,Male
80,2020,7,7D,Female
81,2020,7,7D,Male
82,2020,7,7D,Female
83,2020,7,7D,Male
84,2020,7,7D,Female
85,2020,7,7D,Male
86,2020,7,7D,Male
87,2020,7,7D,Female
88,2020,7,7D,Male
89,2020,7,7D,Female
90,2020,7,7D,Female
91,2020,7,7D,Female
92,2020,7,7D,Female
93,2020,7,7D,Female
94,2020,7,7D,Female
95,2020,7,7D,Female
96,2020,7,7D,Female
97,2020,7,7D,Female
98,2020,7,7D,Female
99,2020,7,7D,Female
100,2020,7,7D,Male
101,2020,7,7E,Male
102,2020,7,7E,Female
103,2020,7,7E,Female
104,2020,7,7E,Female
105,2020,7,7E,Female
106,2020,7,7E,Female
107,2020,7,7E,Female
108,2020,7,7E,Female
109,2020,7,7E,Female
110,2020,7,7E,Male
111,2020,7,7E,Female
112,2020,7,7E,Male
113,2020,7,7E,Female
114,2020,7,7E,Female
115,2020,7,7E,Male
116,2020,7,7E,Female
117,2020,7,7E,Male
118,2020,7,7E,Female
119,2020,7,7E,Female
120,2020,7,7E,Male
121,2020,7,7E,Female
122,2020,7,7E,Male
123,2020,7,7E,Female
124,2020,7,7E,Male
125,2020,7,7E,Male
126,2020,8,8A,Female
127,2020,8,8A,Female
128,2020,8,8A,Male
129,2020,8,8A,Female
130,2020,8,8A,Female
131,2020,8,8A,Female
132,2020,8,8A,Male
133,2020,8,8A,Male
134,2020,8,8A,Male
135,2020,8,8A,Male
136,2020,8,8A,Male
137,2020,8,8A,Male
138,2020,8,8A,Male
139,2020,8,8A,Male
140,2020,8,8A,Male
141,2020,8,8A,Female
142,2020,8,8A,Male
143,2020,8,8A,Female
144,2020,8,8A,Female
145,2020,8,8A,Female
146,2020,8,8A,Male
147,2020,8,8A,Male
148,2020,8,8A,Male
149,2020,8,8A,Male
150,2020,8,8A,Female
151,2020,8,8B,Male
152,2020,8,8B,Male
153,2020,8,8B,Male
154,2020,8,8B,Male
155,2020,8,8B,Male
156,2020,8,8B,Female
157,2020,8,8B,Male
158,2020,8,8B,Female
159,2020,8,8B,Male
160,2020,8,8B,Female
161,2020,8,8B,Male
162,2020,8,8B,Male
163,2020,8,8B,Female
164,2020,8,8B,Female
165,2020,8,8B,Female
166,2020,8,8B,Male
167,2020,8,8B,Female
168,2020,8,8B,Male
169,2020,8,8B,Male
170,2020,8,8B,Female
171,2020,8,8B,Female
172,2020,8,8B,Male
173,2020,8,8B,Male
174,2020,8,8B,Female
175,2020,8,8B,Female
176,2020,8,8C,Female
177,2020,8,8C,Male
178,2020,8,8C,Male
179,2020,8,8C,Male
180,2020,8,8C,Male
181,2020,8,8C,Male
182,2020,8,8C,Male
183,2020,8,8C,Female
184,2020,8,8C,Male
185,2020,8,8C,Male
186,2020,8,8C,Male
187,2020,8,8C,Female
188,2020,8,8C,Male
189,2020,8,8C,Male
190,2020,8,8C,Female
191,2020,8,8C,Male
192,2020,8,8C,Male
193,2020,8,8C,Male
194,2020,8,8C,Male
195,2020,8,8C,Male
196,2020,8,8C,Female
197,2020,8,8C,Female
198,2020,8,8C,Female
199,2020,8,8C,Male
200,2020,8,8C,Male
201,2020,8,8D,Male
202,2020,8,8D,Female
203,2020,8,8D,Male
204,2020,8,8D,Male
205,2020,8,8D,Female
206,2020,8,8D,Male
207,2020,8,8D,Female
208,2020,8,8D,Female
209,2020,8,8D,Female
210,2020,8,8D,Male
211,2020,8,8D,Male
212,2020,8,8D,Male
213,2020,8,8D,Male
214,2020,8,8D,Male
215,2020,8,8D,Male
216,2020,8,8D,Male
217,2020,8,8D,Female
218,2020,8,8D,Male
219,2020,8,8D,Female
220,2020,8,8D,Male
221,2020,8,8D,Male
222,2020,8,8D,Male
223,2020,8,8D,Female
224,2020,8,8D,Female
225,2020,8,8D,Female
226,2020,8,8E,Female
227,2020,8,8E,Male
228,2020,8,8E,Female
229,2020,8,8E,Male
230,2020,8,8E,Male
231,2020,8,8E,Female
232,2020,8,8E,Female
233,2020,8,8E,Female
234,2020,8,8E,Female
235,2020,8,8E,Female
236,2020,8,8E,Female
237,2020,8,8E,Female
238,2020,8,8E,Female
239,2020,8,8E,Male
240,2020,8,8E,Female
241,2020,8,8E,Female
242,2020,8,8E,Male
243,2020,8,8E,Female
244,2020,8,8E,Male
245,2020,8,8E,Male
246,2020,8,8E,Female
247,2020,8,8E,Male
248,2020,8,8E,Male
249,2020,8,8E,Male
250,2020,8,8E,Male
251,2020,9,9A,Female
252,2020,9,9A,Male
253,2020,9,9A,Female
254,2020,9,9A,Male
255,2020,9,9A,Male
256,2020,9,9A,Male
257,2020,9,9A,Male
258,2020,9,9A,Female
259,2020,9,9A,Female
260,2020,9,9A,Male
261,2020,9,9A,Male
262,2020,9,9A,Female
263,2020,9,9A,Male
264,2020,9,9A,Male
265,2020,9,9A,Male
266,2020,9,9A,Female
267,2020,9,9A,Female
268,2020,9,9A,Female
269,2020,9,9A,Male
270,2020,9,9A,Male
271,2020,9,9A,Female
272,2020,9,9A,Female
273,2020,9,9A,Female
274,2020,9,9A,Female
275,2020,9,9A,Male
276,2020,9,9B,Female
277,2020,9,9B,Male
278,2020,9,9B,Female
279,2020,9,9B,Male
280,2020,9,9B,Female
281,2020,9,9B,Female
282,2020,9,9B,Female
283,2020,9,9B,Female
284,2020,9,9B,Male
285,2020,9,9B,Female
286,2020,9,9B,Male
287,2020,9,9B,Male
288,2020,9,9B,Male
289,2020,9,9B,Male
290,2020,9,9B,Female
291,2020,9,9B,Male
292,2020,9,9B,Male
293,2020,9,9B,Male
294,2020,9,9B,Female
295,2020,9,9B,Female
296,2020,9,9B,Female
297,2020,9,9B,Female
298,2020,9,9B,Male
299,2020,9,9B,Male
300,2020,9,9B,Female
301,2020,9,9C,Male
302,2020,9,9C,Male
303,2020,9,9C,Male
304,2020,9,9C,Female
305,2020,9,9C,Female
306,2020,9,9C,Male
307,2020,9,9C,Female
308,2020,9,9C,Female
309,2020,9,9C,Female
310,2020,9,9C,Female
311,2020,9,9C,Female
312,2020,9,9C,Male
313,2020,9,9C,Female
314,2020,9,9C,Male
315,2020,9,9C,Male
316,2020,9,9C,Female
317,2020,9,9C,Male
318,2020,9,9C,Male
319,2020,9,9C,Male
320,2020,9,9C,Female
321,2020,9,9C,Female
322,2020,9,9C,Male
323,2020,9,9C,Female
324,2020,9,9C,Female
325,2020,9,9C,Female
326,2020,9,9D,Female
327,2020,9,9D,Male
328,2020,9,9D,Male
329,2020,9,9D,Female
330,2020,9,9D,Female
331,2020,9,9D,Male
332,2020,9,9D,Male
333,2020,9,9D,Female
334,2020,9,9D,Male
335,2020,9,9D,Female
336,2020,9,9D,Female
337,2020,9,9D,Male
338,2020,9,9D,Male
339,2020,9,9D,Female
340,2020,9,9D,Female
341,2020,9,9D,Male
342,2020,9,9D,Female
343,2020,9,9D,Male
344,2020,9,9D,Female
345,2020,9,9D,Male
346,2020,9,9D,Male
347,2020,9,9D,Male
348,2020,9,9D,Female
349,2020,9,9D,Female
350,2020,9,9D,Male
351,2020,9,9E,Female
352,2020,9,9E,Male
353,2020,9,9E,Male
354,2020,9,9E,Female
355,2020,9,9E,Female
356,2020,9,9E,Male
357,2020,9,9E,Female
358,2020,9,9E,Female
359,2020,9,9E,Male
360,2020,9,9E,Male
361,2020,9,9E,Female
362,2020,9,9E,Male
363,2020,9,9E,Male
364,2020,9,9E,Female
365,2020,9,9E,Male
366,2020,9,9E,Male
367,2020,9,9E,Female
368,2020,9,9E,Female
369,2020,9,9E,Male
370,2020,9,9E,Male
371,2020,9,9E,Female
372,2020,9,9E,Female
373,2020,9,9E,Female
374,2020,9,9E,Female
375,2020,9,9E,Male
376,2020,10,10A,Female
377,2020,10,10A,Female
378,2020,10,10A,Male
379,2020,10,10A,Female
380,2020,10,10A,Male
381,2020,10,10A,Female
382,2020,10,10A,Female
383,2020,10,10A,Female
384,2020,10,10A,Male
385,2020,10,10A,Male
386,2020,10,10A,Female
387,2020,10,10A,Male
388,2020,10,10A,Male
389,2020,10,10A,Male
390,2020,10,10A,Male
391,2020,10,10A,Male
392,2020,10,10A,Male
393,2020,10,10A,Female
394,2020,10,10A,Female
395,2020,10,10A,Male
396,2020,10,10A,Female
397,2020,10,10A,Female
398,2020,10,10A,Female
399,2020,10,10A,Female
400,2020,10,10A,Male
401,2020,10,10B,Female
402,2020,10,10B,Female
403,2020,10,10B,Male
404,2020,10,10B,Male
405,2020,10,10B,Female
406,2020,10,10B,Female
407,2020,10,10B,Female
408,2020,10,10B,Female
409,2020,10,10B,Female
410,2020,10,10B,Female
411,2020,10,10B,Male
412,2020,10,10B,Female
413,2020,10,10B,Female
414,2020,10,10B,Male
415,2020,10,10B,Male
416,2020,10,10B,Male
417,2020,10,10B,Male
418,2020,10,10B,Female
419,2020,10,10B,Female
420,2020,10,10B,Female
421,2020,10,10B,Female
422,2020,10,10B,Female
423,2020,10,10B,Female
424,2020,10,10B,Male
425,2020,10,10B,Female
426,2020,10,10C,Male
427,2020,10,10C,Male
428,2020,10,10C,Female
429,2020,10,10C,Male
430,2020,10,10C,Female
431,2020,10,10C,Male
432,2020,10,10C,Female
433,2020,10,10C,Male
434,2020,10,10C,Female
435,2020,10,10C,Female
436,2020,10,10C,Female
437,2020,10,10C,Female
438,2020,10,10C,Female
439,2020,10,10C,Male
440,2020,10,10C,Male
441,2020,10,10C,Male
442,2020,10,10C,Female
443,2020,10,10C,Male
444,2020,10,10C,Female
445,2020,10,10C,Female
446,2020,10,10C,Male
447,2020,10,10C,Male
448,2020,10,10C,Female
449,2020,10,10C,Male
450,2020,10,10C,Female
451,2020,10,10D,Female
452,2020,10,10D,Female
453,2020,10,10D,Female
454,2020,10,10D,Female
455,2020,10,10D,Male
456,2020,10,10D,Male
457,2020,10,10D,Female
458,2020,10,10D,Female
459,2020,10,10D,Male
460,2020,10,10D,Male
461,2020,10,10D,Female
462,2020,10,10D,Male
463,2020,10,10D,Female
464,2020,10,10D,Male
465,2020,10,10D,Female
466,2020,10,10D,Male
467,2020,10,10D,Female
468,2020,10,10D,Male
469,2020,10,10D,Male
470,2020,10,10D,Female
471,2020,10,10D,Male
472,2020,10,10D,Female
473,2020,10,10D,Male
474,2020,10,10D,Female
475,2020,10,10D,Male
476,2020,10,10E,Female
477,2020,10,10E,Male
478,2020,10,10E,Female
479,2020,10,10E,Male
480,2020,10,10E,Female
481,2020,10,10E,Female
482,2020,10,10E,Female
483,2020,10,10E,Male
484,2020,10,10E,Female
485,2020,10,10E,Male
486,2020,10,10E,Female
487,2020,10,10E,Male
488,2020,10,10E,Female
489,2020,10,10E,Male
490,2020,10,10E,Male
491,2020,10,10E,Female
492,2020,10,10E,Male
493,2020,10,10E,Male
494,2020,10,10E,Female
495,2020,10,10E,Male
496,2020,10,10E,Male
497,2020,10,10E,Male
498,2020,10,10E,Female
499,2020,10,10E,Male
500,2020,10,10E,Female
501,2020,11,11A,Male
502,2020,11,11A,Male
503,2020,11,11A,Male
504,2020,11,11A,Female
505,2020,11,11A,Male
506,2020,11,11A,Male
507,2020,11,11A,Female
508,2020,11,11A,Male
509,2020,11,11A,Female
510,2020,11,11A,Female
511,2020,11,11A,Male
512,2020,11,11A,Female
513,2020,11,11A,Male
514,2020,11,11A,Female
515,2020,11,11A,Female
516,2020,11,11A,Male
517,2020,11,11A,Female
518,2020,11,11A,Female
519,2020,11,11A,Female
520,2020,11,11A,Female
521,2020,11,11A,Female
522,2020,11,11A,Male
523,2020,11,11A,Female
524,2020,11,11A,Male
525,2020,11,11A,Female
526,2020,11,11B,Male
527,2020,11,11B,Male
528,2020,11,11B,Female
529,2020,11,11B,Female
530,2020,11,11B,Female
531,2020,11,11B,Male
532,2020,11,11B,Female
533,2020,11,11B,Male
534,2020,11,11B,Male
535,2020,11,11B,Male
536,2020,11,11B,Female
537,2020,11,11B,Female
538,2020,11,11B,Male
539,2020,11,11B,Male
540,2020,11,11B,Female
541,2020,11,11B,Male
542,2020,11,11B,Female
543,2020,11,11B,Male
544,2020,11,11B,Female
545,2020,11,11B,Male
546,2020,11,11B,Female
547,2020,11,11B,Male
548,2020,11,11B,Female
549,2020,11,11B,Female
550,2020,11,11B,Male
551,2020,11,11C,Male
552,2020,11,11C,Female
553,2020,11,11C,Male
554,2020,11,11C,Female
555,2020,11,11C,Male
556,2020,11,11C,Female
557,2020,11,11C,Female
558,2020,11,11C,Female
559,2020,11,11C,Female
560,2020,11,11C,Female
561,2020,11,11C,Female
562,2020,11,11C,Male
563,2020,11,11C,Male
564,2020,11,11C,Male
565,2020,11,11C,Female
566,2020,11,11C,Female
567,2020,11,11C,Female
568,2020,11,11C,Female
569,2020,11,11C,Male
570,2020,11,11C,Male
571,2020,11,11C,Female
572,2020,11,11C,Male
573,2020,11,11C,Male
574,2020,11,11C,Female
575,2020,11,11C,Male
576,2020,11,11D,Female
577,2020,11,11D,Male
578,2020,11,11D,Female
579,2020,11,11D,Female
580,2020,11,11D,Female
581,2020,11,11D,Female
582,2020,11,11D,Male
583,2020,11,11D,Female
584,2020,11,11D,Female
585,2020,11,11D,Female
586,2020,11,11D,Male
587,2020,11,11D,Female
588,2020,11,11D,Male
589,2020,11,11D,Female
590,2020,11,11D,Male
591,2020,11,11D,Male
592,2020,11,11D,Female
593,2020,11,11D,Male
594,2020,11,11D,Female
595,2020,11,11D,Female
596,2020,11,11D,Female
597,2020,11,11D,Male
598,2020,11,11D,Male
599,2020,11,11D,Female
600,2020,11,11D,Female
601,2020,11,11E,Male
602,2020,11,11E,Female
603,2020,11,11E,Female
604,2020,11,11E,Female
605,2020,11,11E,Male
606,2020,11,11E,Male
607,2020,11,11E,Male
608,2020,11,11E,Female
609,2020,11,11E,Female
610,2020,11,11E,Female
611,2020,11,11E,Male
612,2020,11,11E,Female
613,2020,11,11E,Female
614,2020,11,11E,Female
615,2020,11,11E,Female
616,2020,11,11E,Male
617,2020,11,11E,Male
618,2020,11,11E,Female
619,2020,11,11E,Male
620,2020,11,11E,Male
621,2020,11,11E,Female
622,2020,11,11E,Female
623,2020,11,11E,Male
624,2020,11,11E,Female
625,2020,11,11E,Male
626,2020,12,12A,Female
627,2020,12,12A,Male
628,2020,12,12A,Female
629,2020,12,12A,Male
630,2020,12,12A,Male
631,2020,12,12A,Male
632,2020,12,12A,Female
633,2020,12,12A,Male
634,2020,12,12A,Male
635,2020,12,12A,Female
636,2020,12,12A,Female
637,2020,12,12A,Male
638,2020,12,12A,Male
639,2020,12,12A,Female
640,2020,12,12A,Female
641,2020,12,12A,Female
642,2020,12,12A,Female
643,2020,12,12A,Female
644,2020,12,12A,Male
645,2020,12,12A,Female
646,2020,12,12A,Male
647,2020,12,12A,Male
648,2020,12,12A,Male
649,2020,12,12A,Female
650,2020,12,12A,Male
651,2020,12,12B,Male
652,2020,12,12B,Female
653,2020,12,12B,Male
654,2020,12,12B,Male
655,2020,12,12B,Female
656,2020,12,12B,Male
657,2020,12,12B,Male
658,2020,12,12B,Male
659,2020,12,12B,Female
660,2020,12,12B,Female
661,2020,12,12B,Female
662,2020,12,12B,Male
663,2020,12,12B,Male
664,2020,12,12B,Female
665,2020,12,12B,Male
666,2020,12,12B,Male
667,2020,12,12B,Female
668,2020,12,12B,Female
669,2020,12,12B,Male
670,2020,12,12B,Male
671,2020,12,12B,Male
672,2020,12,12B,Female
673,2020,12,12B,Female
674,2020,12,12B,Female
675,2020,12,12B,Female
676,2020,12,12C,Male
677,2020,12,12C,Female
678,2020,12,12C,Female
679,2020,12,12C,Female
680,2020,12,12C,Female
681,2020,12,12C,Female
682,2020,12,12C,Male
683,2020,12,12C,Male
684,2020,12,12C,Female
685,2020,12,12C,Male
686,2020,12,12C,Female
687,2020,12,12C,Female
688,2020,12,12C,Male
689,2020,12,12C,Male
690,2020,12,12C,Female
691,2020,12,12C,Female
692,2020,12,12C,Female
693,2020,12,12C,Male
694,2020,12,12C,Female
695,2020,12,12C,Female
696,2020,12,12C,Female
697,2020,12,12C,Male
698,2020,12,12C,Female
699,2020,12,12C,Female
700,2020,12,12C,Male
701,2020,12,12D,Female
702,2020,12,12D,Female
703,2020,12,12D,Male
704,2020,12,12D,Female
705,2020,12,12D,Male
706,2020,12,12D,Male
707,2020,12,12D,Female
708,2020,12,12D,Female
709,2020,12,12D,Female
710,2020,12,12D,Female
711,2020,12,12D,Male
712,2020,12,12D,Female
713,2020,12,12D,Male
714,2020,12,12D,Female
715,2020,12,12D,Female
716,2020,12,12D,Female
717,2020,12,12D,Male
718,2020,12,12D,Female
719,2020,12,12D,Female
720,2020,12,12D,Female
721,2020,12,12D,Female
722,2020,12,12D,Male
723,2020,12,12D,Female
724,2020,12,12D,Male
725,2020,12,12D,Male
726,2020,12,12E,Male
727,2020,12,12E,Male
728,2020,12,12E,Male
729,2020,12,12E,Male
730,2020,12,12E,Female
731,2020,12,12E,Male
732,2020,12,12E,Male
733,2020,12,12E,Male
734,2020,12,12E,Female
735,2020,12,12E,Female
736,2020,12,12E,Male
737,2020,12,12E,Female
738,2020,12,12E,Male
739,2020,12,12E,Male
740,2020,12,12E,Female
741,2020,12,12E,Male
742,2020,12,12E,Female
743,2020,12,12E,Female
744,2020,12,12E,Male
745,2020,12,12E,Male
746,2020,12,12E,Female
747,2020,12,12E,Male
748,2020,12,12E,Male
749,2020,12,12E,Male
750,2020,12,12E,Female
751,2021,7,7A,Female
752,2021,7,7B,Male
753,2021,7,7C,Female
754,2021,7,7D,Female
755,2021,7,7E,Female
19,2021,8,8A,Female
43,2021,8,8B,Female
37,2021,8,8B,Female
77,2021,8,8D,Female
54,2021,8,8C,Female
92,2021,8,8D,Female
57,2021,8,8C,Female
124,2021,8,8E,Male
94,2021,8,8D,Female
5,2021,8,8A,Male
28,2021,8,8B,Female
117,2021,8,8E,Male
45,2021,8,8B,Female
97,2021,8,8D,Female
20,2021,8,8A,Male
78,2021,8,8D,Female
11,2021,8,8A,Male
102,2021,8,8E,Female
12,2021,8,8A,Male
115,2021,8,8E,Male
48,2021,8,8B,Male
79,2021,8,8D,Male
1,2021,8,8A,Male
27,2021,8,8B,Female
32,2021,8,8B,Male
68,2021,8,8C,Male
13,2021,8,8A,Male
25,2021,8,8A,Female
46,2021,8,8B,Female
109,2021,8,8E,Female
90,2021,8,8D,Female
74,2021,8,8C,Female
65,2021,8,8C,Male
16,2021,8,8A,Male
113,2021,8,8E,Female
23,2021,8,8A,Female
41,2021,8,8B,Male
82,2021,8,8D,Female
86,2021,8,8D,Male
31,2021,8,8B,Male
95,2021,8,8D,Female
56,2021,8,8C,Female
10,2021,8,8A,Female
34,2021,8,8B,Female
63,2021,8,8C,Male
26,2021,8,8B,Female
120,2021,8,8E,Male
29,2021,8,8B,Female
67,2021,8,8C,Female
123,2021,8,8E,Female
6,2021,8,8A,Female
66,2021,8,8C,Female
71,2021,8,8C,Female
40,2021,8,8B,Male
50,2021,8,8B,Female
36,2021,8,8B,Male
17,2021,8,8A,Female
69,2021,8,8C,Female
35,2021,8,8B,Female
116,2021,8,8E,Female
8,2021,8,8A,Male
119,2021,8,8E,Female
44,2021,8,8B,Female
96,2021,8,8D,Female
70,2021,8,8C,Female
101,2021,8,8E,Male
106,2021,8,8E,Female
9,2021,8,8A,Male
14,2021,8,8A,Male
110,2021,8,8E,Male
4,2021,8,8A,Male
18,2021,8,8A,Female
39,2021,8,8B,Male
73,2021,8,8C,Male
98,2021,8,8D,Female
7,2021,8,8A,Male
81,2021,8,8D,Male
108,2021,8,8E,Female
111,2021,8,8E,Female
55,2021,8,8C,Male
51,2021,8,8C,Male
84,2021,8,8D,Female
47,2021,8,8B,Female
85,2021,8,8D,Male
62,2021,8,8C,Male
122,2021,8,8E,Male
80,2021,8,8D,Female
99,2021,8,8D,Female
42,2021,8,8B,Male
59,2021,8,8C,Male
91,2021,8,8D,Female
49,2021,8,8B,Female
89,2021,8,8D,Female
121,2021,8,8E,Female
58,2021,8,8C,Male
76,2021,8,8D,Female
33,2021,8,8B,Female
118,2021,8,8E,Female
60,2021,8,8C,Male
64,2021,8,8C,Male
105,2021,8,8E,Female
38,2021,8,8B,Male
30,2021,8,8B,Female
112,2021,8,8E,Male
2,2021,8,8A,Female
53,2021,8,8C,Male
22,2021,8,8A,Male
3,2021,8,8A,Male
24,2021,8,8A,Female
104,2021,8,8E,Female
100,2021,8,8D,Male
88,2021,8,8D,Male
114,2021,8,8E,Female
75,2021,8,8C,Male
87,2021,8,8D,Female
83,2021,8,8D,Male
125,2021,8,8E,Male
21,2021,8,8A,Female
61,2021,8,8C,Male
756,2021,8,8A,Female
757,2021,8,8B,Female
758,2021,8,8C,Male
759,2021,8,8D,Male
760,2021,8,8E,Male
144,2021,9,9A,Female
168,2021,9,9B,Male
162,2021,9,9B,Male
202,2021,9,9D,Female
179,2021,9,9C,Male
217,2021,9,9D,Female
182,2021,9,9C,Male
249,2021,9,9E,Male
219,2021,9,9D,Female
130,2021,9,9A,Female
153,2021,9,9B,Male
242,2021,9,9E,Male
170,2021,9,9B,Female
222,2021,9,9D,Male
145,2021,9,9A,Female
203,2021,9,9D,Male
136,2021,9,9A,Male
227,2021,9,9E,Male
137,2021,9,9A,Male
240,2021,9,9E,Female
173,2021,9,9B,Male
204,2021,9,9D,Male
126,2021,9,9A,Female
152,2021,9,9B,Male
157,2021,9,9B,Male
193,2021,9,9C,Male
138,2021,9,9A,Male
150,2021,9,9A,Female
171,2021,9,9B,Female
234,2021,9,9E,Female
215,2021,9,9D,Male
199,2021,9,9C,Male
190,2021,9,9C,Female
141,2021,9,9A,Female
238,2021,9,9E,Female
148,2021,9,9A,Male
166,2021,9,9B,Male
207,2021,9,9D,Female
211,2021,9,9D,Male
156,2021,9,9B,Female
220,2021,9,9D,Male
181,2021,9,9C,Male
135,2021,9,9A,Male
159,2021,9,9B,Male
188,2021,9,9C,Male
151,2021,9,9B,Male
245,2021,9,9E,Male
154,2021,9,9B,Male
192,2021,9,9C,Male
248,2021,9,9E,Male
131,2021,9,9A,Female
191,2021,9,9C,Male
196,2021,9,9C,Female
165,2021,9,9B,Female
175,2021,9,9B,Female
161,2021,9,9B,Male
142,2021,9,9A,Male
194,2021,9,9C,Male
160,2021,9,9B,Female
241,2021,9,9E,Female
133,2021,9,9A,Male
244,2021,9,9E,Male
169,2021,9,9B,Male
221,2021,9,9D,Male
195,2021,9,9C,Male
226,2021,9,9E,Female
231,2021,9,9E,Female
134,2021,9,9A,Male
139,2021,9,9A,Male
235,2021,9,9E,Female
129,2021,9,9A,Female
143,2021,9,9A,Female
164,2021,9,9B,Female
198,2021,9,9C,Female
223,2021,9,9D,Female
132,2021,9,9A,Male
206,2021,9,9D,Male
233,2021,9,9E,Female
236,2021,9,9E,Female
180,2021,9,9C,Male
176,2021,9,9C,Female
209,2021,9,9D,Female
172,2021,9,9B,Male
210,2021,9,9D,Male
187,2021,9,9C,Female
247,2021,9,9E,Male
205,2021,9,9D,Female
224,2021,9,9D,Female
167,2021,9,9B,Female
184,2021,9,9C,Male
216,2021,9,9D,Male
174,2021,9,9B,Female
214,2021,9,9D,Male
246,2021,9,9E,Female
183,2021,9,9C,Female
201,2021,9,9D,Male
158,2021,9,9B,Female
243,2021,9,9E,Female
185,2021,9,9C,Male
189,2021,9,9C,Male
230,2021,9,9E,Male
163,2021,9,9B,Female
155,2021,9,9B,Male
237,2021,9,9E,Female
127,2021,9,9A,Female
178,2021,9,9C,Male
147,2021,9,9A,Male
128,2021,9,9A,Male
149,2021,9,9A,Male
229,2021,9,9E,Male
225,2021,9,9D,Female
213,2021,9,9D,Male
239,2021,9,9E,Male
200,2021,9,9C,Male
212,2021,9,9D,Male
208,2021,9,9D,Female
250,2021,9,9E,Male
146,2021,9,9A,Male
186,2021,9,9C,Male
761,2021,9,9A,Female
762,2021,9,9B,Female
763,2021,9,9C,Male
764,2021,9,9D,Female
765,2021,9,9E,Male
269,2021,10,10A,Male
293,2021,10,10B,Male
287,2021,10,10B,Male
327,2021,10,10D,Male
304,2021,10,10C,Female
342,2021,10,10D,Female
307,2021,10,10C,Female
374,2021,10,10E,Female
344,2021,10,10D,Female
255,2021,10,10A,Male
278,2021,10,10B,Female
367,2021,10,10E,Female
295,2021,10,10B,Female
347,2021,10,10D,Male
270,2021,10,10A,Male
328,2021,10,10D,Male
261,2021,10,10A,Male
352,2021,10,10E,Male
262,2021,10,10A,Female
365,2021,10,10E,Male
298,2021,10,10B,Male
329,2021,10,10D,Female
251,2021,10,10A,Female
277,2021,10,10B,Male
282,2021,10,10B,Female
318,2021,10,10C,Male
263,2021,10,10A,Male
275,2021,10,10A,Male
296,2021,10,10B,Female
359,2021,10,10E,Male
340,2021,10,10D,Female
324,2021,10,10C,Female
315,2021,10,10C,Male
266,2021,10,10A,Female
363,2021,10,10E,Male
273,2021,10,10A,Female
291,2021,10,10B,Male
332,2021,10,10D,Male
336,2021,10,10D,Female
281,2021,10,10B,Female
345,2021,10,10D,Male
306,2021,10,10C,Male
260,2021,10,10A,Male
284,2021,10,10B,Male
313,2021,10,10C,Female
276,2021,10,10B,Female
370,2021,10,10E,Male
279,2021,10,10B,Male
317,2021,10,10C,Male
373,2021,10,10E,Female
256,2021,10,10A,Male
316,2021,10,10C,Female
321,2021,10,10C,Female
290,2021,10,10B,Female
300,2021,10,10B,Female
286,2021,10,10B,Male
267,2021,10,10A,Female
319,2021,10,10C,Male
285,2021,10,10B,Female
366,2021,10,10E,Male
258,2021,10,10A,Female
369,2021,10,10E,Male
294,2021,10,10B,Female
346,2021,10,10D,Male
320,2021,10,10C,Female
351,2021,10,10E,Female
356,2021,10,10E,Male
259,2021,10,10A,Female
264,2021,10,10A,Male
360,2021,10,10E,Male
254,2021,10,10A,Male
268,2021,10,10A,Female
289,2021,10,10B,Male
323,2021,10,10C,Female
348,2021,10,10D,Female
257,2021,10,10A,Male
331,2021,10,10D,Male
358,2021,10,10E,Female
361,2021,10,10E,Female
305,2021,10,10C,Female
301,2021,10,10C,Male
334,2021,10,10D,Male
297,2021,10,10B,Female
335,2021,10,10D,Female
312,2021,10,10C,Male
372,2021,10,10E,Female
330,2021,10,10D,Female
349,2021,10,10D,Female
292,2021,10,10B,Male
309,2021,10,10C,Female
341,2021,10,10D,Male
299,2021,10,10B,Male
339,2021,10,10D,Female
371,2021,10,10E,Female
308,2021,10,10C,Female
326,2021,10,10D,Female
283,2021,10,10B,Female
368,2021,10,10E,Female
310,2021,10,10C,Female
314,2021,10,10C,Male
355,2021,10,10E,Female
288,2021,10,10B,Male
280,2021,10,10B,Female
362,2021,10,10E,Male
252,2021,10,10A,Male
303,2021,10,10C,Male
272,2021,10,10A,Female
253,2021,10,10A,Female
274,2021,10,10A,Female
354,2021,10,10E,Female
350,2021,10,10D,Male
338,2021,10,10D,Male
364,2021,10,10E,Female
325,2021,10,10C,Female
337,2021,10,10D,Male
333,2021,10,10D,Female
375,2021,10,10E,Male
271,2021,10,10A,Female
311,2021,10,10C,Female
766,2021,10,10A,Male
767,2021,10,10B,Male
768,2021,10,10C,Female
769,2021,10,10D,Female
770,2021,10,10E,Male
394,2021,11,11A,Female
418,2021,11,11B,Female
412,2021,11,11B,Female
452,2021,11,11D,Female
429,2021,11,11C,Male
467,2021,11,11D,Female
432,2021,11,11C,Female
499,2021,11,11E,Male
469,2021,11,11D,Male
380,2021,11,11A,Male
403,2021,11,11B,Male
492,2021,11,11E,Male
420,2021,11,11B,Female
472,2021,11,11D,Female
395,2021,11,11A,Male
453,2021,11,11D,Female
386,2021,11,11A,Female
477,2021,11,11E,Male
387,2021,11,11A,Male
490,2021,11,11E,Male
423,2021,11,11B,Female
454,2021,11,11D,Female
376,2021,11,11A,Female
402,2021,11,11B,Female
407,2021,11,11B,Female
443,2021,11,11C,Male
388,2021,11,11A,Male
400,2021,11,11A,Male
421,2021,11,11B,Female
484,2021,11,11E,Female
465,2021,11,11D,Female
449,2021,11,11C,Male
440,2021,11,11C,Male
391,2021,11,11A,Male
488,2021,11,11E,Female
398,2021,11,11A,Female
416,2021,11,11B,Male
457,2021,11,11D,Female
461,2021,11,11D,Female
406,2021,11,11B,Female
470,2021,11,11D,Female
431,2021,11,11C,Male
385,2021,11,11A,Male
409,2021,11,11B,Female
438,2021,11,11C,Female
401,2021,11,11B,Female
495,2021,11,11E,Male
404,2021,11,11B,Male
442,2021,11,11C,Female
498,2021,11,11E,Female
381,2021,11,11A,Female
441,2021,11,11C,Male
446,2021,11,11C,Male
415,2021,11,11B,Male
425,2021,11,11B,Female
411,2021,11,11B,Male
392,2021,11,11A,Male
444,2021,11,11C,Female
410,2021,11,11B,Female
491,2021,11,11E,Female
383,2021,11,11A,Female
494,2021,11,11E,Female
419,2021,11,11B,Female
471,2021,11,11D,Male
445,2021,11,11C,Female
476,2021,11,11E,Female
481,2021,11,11E,Female
384,2021,11,11A,Male
389,2021,11,11A,Male
485,2021,11,11E,Male
379,2021,11,11A,Female
393,2021,11,11A,Female
414,2021,11,11B,Male
448,2021,11,11C,Female
473,2021,11,11D,Male
382,2021,11,11A,Female
456,2021,11,11D,Male
483,2021,11,11E,Male
486,2021,11,11E,Female
430,2021,11,11C,Female
426,2021,11,11C,Male
459,2021,11,11D,Male
422,2021,11,11B,Female
460,2021,11,11D,Male
437,2021,11,11C,Female
497,2021,11,11E,Male
455,2021,11,11D,Male
474,2021,11,11D,Female
417,2021,11,11B,Male
434,2021,11,11C,Female
466,2021,11,11D,Male
424,2021,11,11B,Male
464,2021,11,11D,Male
496,2021,11,11E,Male
433,2021,11,11C,Male
451,2021,11,11D,Female
408,2021,11,11B,Female
493,2021,11,11E,Male
435,2021,11,11C,Female
439,2021,11,11C,Male
480,2021,11,11E,Female
413,2021,11,11B,Female
405,2021,11,11B,Female
487,2021,11,11E,Male
377,2021,11,11A,Female
428,2021,11,11C,Female
397,2021,11,11A,Female
378,2021,11,11A,Male
399,2021,11,11A,Female
479,2021,11,11E,Male
475,2021,11,11D,Male
463,2021,11,11D,Female
489,2021,11,11E,Male
450,2021,11,11C,Female
462,2021,11,11D,Male
458,2021,11,11D,Female
500,2021,11,11E,Female
396,2021,11,11A,Female
436,2021,11,11C,Female
771,2021,11,11A,Male
772,2021,11,11B,Male
773,2021,11,11C,Male
774,2021,11,11D,Female
775,2021,11,11E,Female
519,2021,12,12A,Female
543,2021,12,12B,Male
537,2021,12,12B,Female
577,2021,12,12D,Male
554,2021,12,12C,Female
592,2021,12,12D,Female
557,2021,12,12C,Female
624,2021,12,12E,Female
594,2021,12,12D,Female
505,2021,12,12A,Male
528,2021,12,12B,Female
617,2021,12,12E,Male
545,2021,12,12B,Male
597,2021,12,12D,Male
520,2021,12,12A,Female
578,2021,12,12D,Female
511,2021,12,12A,Male
602,2021,12,12E,Female
512,2021,12,12A,Female
615,2021,12,12E,Female
548,2021,12,12B,Female
579,2021,12,12D,Female
501,2021,12,12A,Male
527,2021,12,12B,Male
532,2021,12,12B,Female
568,2021,12,12C,Female
513,2021,12,12A,Male
525,2021,12,12A,Female
546,2021,12,12B,Female
609,2021,12,12E,Female
590,2021,12,12D,Male
574,2021,12,12C,Female
565,2021,12,12C,Female
516,2021,12,12A,Male
613,2021,12,12E,Female
523,2021,12,12A,Female
541,2021,12,12B,Male
582,2021,12,12D,Male
586,2021,12,12D,Male
531,2021,12,12B,Male
595,2021,12,12D,Female
556,2021,12,12C,Female
510,2021,12,12A,Female
534,2021,12,12B,Male
563,2021,12,12C,Male
526,2021,12,12B,Male
620,2021,12,12E,Male
529,2021,12,12B,Female
567,2021,12,12C,Female
623,2021,12,12E,Male
506,2021,12,12A,Male
566,2021,12,12C,Female
571,2021,12,12C,Female
540,2021,12,12B,Female
550,2021,12,12B,Male
536,2021,12,12B,Female
517,2021,12,12A,Female
569,2021,12,12C,Male
535,2021,12,12B,Male
616,2021,12,12E,Male
508,2021,12,12A,Male
619,2021,12,12E,Male
544,2021,12,12B,Female
596,2021,12,12D,Female
570,2021,12,12C,Male
601,2021,12,12E,Male
606,2021,12,12E,Male
509,2021,12,12A,Female
514,2021,12,12A,Female
610,2021,12,12E,Female
504,2021,12,12A,Female
518,2021,12,12A,Female
539,2021,12,12B,Male
573,2021,12,12C,Male
598,2021,12,12D,Male
507,2021,12,12A,Female
581,2021,12,12D,Female
608,2021,12,12E,Female
611,2021,12,12E,Male
555,2021,12,12C,Male
551,2021,12,12C,Male
584,2021,12,12D,Female
547,2021,12,12B,Male
585,2021,12,12D,Female
562,2021,12,12C,Male
622,2021,12,12E,Female
580,2021,12,12D,Female
599,2021,12,12D,Female
542,2021,12,12B,Female
559,2021,12,12C,Female
591,2021,12,12D,Male
549,2021,12,12B,Female
589,2021,12,12D,Female
621,2021,12,12E,Female
558,2021,12,12C,Female
576,2021,12,12D,Female
533,2021,12,12B,Male
618,2021,12,12E,Female
560,2021,12,12C,Female
564,2021,12,12C,Male
605,2021,12,12E,Male
538,2021,12,12B,Male
530,2021,12,12B,Female
612,2021,12,12E,Female
502,2021,12,12A,Male
553,2021,12,12C,Male
522,2021,12,12A,Male
503,2021,12,12A,Male
524,2021,12,12A,Male
604,2021,12,12E,Female
600,2021,12,12D,Female
588,2021,12,12D,Male
614,2021,12,12E,Female
575,2021,12,12C,Male
587,2021,12,12D,Female
583,2021,12,12D,Female
625,2021,12,12E,Male
521,2021,12,12A,Female
561,2021,12,12C,Female
776,2021,12,12A,Male
777,2021,12,12B,Male
778,2021,12,12C,Female
779,2021,12,12D,Female
780,2021,12,12E,Male
781,2022,7,7A,Male
782,2022,7,7B,Male
783,2022,7,7C,Female
784,2022,7,7D,Female
785,2022,7,7E,Female
752,2022,8,8B,Male
755,2022,8,8E,Female
753,2022,8,8C,Female
751,2022,8,8A,Female
754,2022,8,8D,Female
786,2022,8,8A,Male
787,2022,8,8B,Male
788,2022,8,8C,Female
789,2022,8,8D,Female
790,2022,8,8E,Male
12,2022,9,9A,Male
10,2022,9,9A,Female
41,2022,9,9B,Male
81,2022,9,9D,Male
40,2022,9,9B,Male
91,2022,9,9D,Female
17,2022,9,9A,Female
759,2022,9,9D,Male
758,2022,9,9C,Male
54,2022,9,9C,Female
25,2022,9,9A,Female
38,2022,9,9B,Male
63,2022,9,9C,Male
76,2022,9,9D,Female
115,2022,9,9E,Male
108,2022,9,9E,Female
28,2022,9,9B,Female
105,2022,9,9E,Female
117,2022,9,9E,Male
75,2022,9,9C,Male
29,2022,9,9B,Female
111,2022,9,9E,Female
19,2022,9,9A,Female
13,2022,9,9A,Male
74,2022,9,9C,Female
9,2022,9,9A,Male
45,2022,9,9B,Female
32,2022,9,9B,Male
26,2022,9,9B,Female
3,2022,9,9A,Male
59,2022,9,9C,Male
73,2022,9,9C,Male
70,2022,9,9C,Female
78,2022,9,9D,Female
88,2022,9,9D,Male
1,2022,9,9A,Male
95,2022,9,9D,Female
84,2022,9,9D,Female
122,2022,9,9E,Male
90,2022,9,9D,Female
121,2022,9,9E,Female
36,2022,9,9B,Male
5,2022,9,9A,Male
16,2022,9,9A,Male
44,2022,9,9B,Female
68,2022,9,9C,Male
61,2022,9,9C,Male
46,2022,9,9B,Female
106,2022,9,9E,Female
49,2022,9,9B,Female
92,2022,9,9D,Female
101,2022,9,9E,Male
4,2022,9,9A,Male
31,2022,9,9B,Male
123,2022,9,9E,Female
23,2022,9,9A,Female
11,2022,9,9A,Male
14,2022,9,9A,Male
113,2022,9,9E,Female
87,2022,9,9D,Female
124,2022,9,9E,Male
21,2022,9,9A,Female
34,2022,9,9B,Female
58,2022,9,9C,Male
110,2022,9,9E,Male
104,2022,9,9E,Female
2,2022,9,9A,Female
94,2022,9,9D,Female
97,2022,9,9D,Female
83,2022,9,9D,Male
77,2022,9,9D,Female
102,2022,9,9E,Female
86,2022,9,9D,Male
39,2022,9,9B,Male
33,2022,9,9B,Female
57,2022,9,9C,Female
51,2022,9,9C,Male
756,2022,9,9A,Female
60,2022,9,9C,Male
50,2022,9,9B,Female
6,2022,9,9A,Female
85,2022,9,9D,Male
120,2022,9,9E,Male
62,2022,9,9C,Male
119,2022,9,9E,Female
757,2022,9,9B,Female
55,2022,9,9C,Male
118,2022,9,9E,Female
56,2022,9,9C,Female
35,2022,9,9B,Female
67,2022,9,9C,Female
42,2022,9,9B,Male
53,2022,9,9C,Male
69,2022,9,9C,Female
7,2022,9,9A,Male
65,2022,9,9C,Male
125,2022,9,9E,Male
116,2022,9,9E,Female
96,2022,9,9D,Female
24,2022,9,9A,Female
82,2022,9,9D,Female
109,2022,9,9E,Female
100,2022,9,9D,Male
43,2022,9,9B,Female
71,2022,9,9C,Female
79,2022,9,9D,Male
37,2022,9,9B,Female
27,2022,9,9B,Female
112,2022,9,9E,Male
64,2022,9,9C,Male
99,2022,9,9D,Female
114,2022,9,9E,Female
98,2022,9,9D,Female
80,2022,9,9D,Female
47,2022,9,9B,Female
760,2022,9,9E,Male
48,2022,9,9B,Male
8,2022,9,9A,Male
791,2022,9,9A,Female
792,2022,9,9B,Female
793,2022,9,9C,Male
794,2022,9,9D,Female
795,2022,9,9E,Male
137,2022,10,10A,Male
135,2022,10,10A,Male
166,2022,10,10B,Male
206,2022,10,10D,Male
165,2022,10,10B,Female
216,2022,10,10D,Male
142,2022,10,10A,Male
764,2022,10,10D,Female
763,2022,10,10C,Male
179,2022,10,10C,Male
150,2022,10,10A,Female
163,2022,10,10B,Female
188,2022,10,10C,Male
201,2022,10,10D,Male
240,2022,10,10E,Female
233,2022,10,10E,Female
153,2022,10,10B,Male
230,2022,10,10E,Male
242,2022,10,10E,Male
200,2022,10,10C,Male
154,2022,10,10B,Male
236,2022,10,10E,Female
144,2022,10,10A,Female
138,2022,10,10A,Male
199,2022,10,10C,Male
134,2022,10,10A,Male
170,2022,10,10B,Female
157,2022,10,10B,Male
151,2022,10,10B,Male
128,2022,10,10A,Male
184,2022,10,10C,Male
198,2022,10,10C,Female
195,2022,10,10C,Male
203,2022,10,10D,Male
213,2022,10,10D,Male
126,2022,10,10A,Female
220,2022,10,10D,Male
209,2022,10,10D,Female
247,2022,10,10E,Male
215,2022,10,10D,Male
246,2022,10,10E,Female
161,2022,10,10B,Male
130,2022,10,10A,Female
141,2022,10,10A,Female
169,2022,10,10B,Male
193,2022,10,10C,Male
186,2022,10,10C,Male
171,2022,10,10B,Female
231,2022,10,10E,Female
174,2022,10,10B,Female
217,2022,10,10D,Female
226,2022,10,10E,Female
129,2022,10,10A,Female
156,2022,10,10B,Female
248,2022,10,10E,Male
148,2022,10,10A,Male
136,2022,10,10A,Male
139,2022,10,10A,Male
238,2022,10,10E,Female
212,2022,10,10D,Male
249,2022,10,10E,Male
146,2022,10,10A,Male
159,2022,10,10B,Male
183,2022,10,10C,Female
235,2022,10,10E,Female
229,2022,10,10E,Male
127,2022,10,10A,Female
219,2022,10,10D,Female
222,2022,10,10D,Male
208,2022,10,10D,Female
202,2022,10,10D,Female
227,2022,10,10E,Male
211,2022,10,10D,Male
164,2022,10,10B,Female
158,2022,10,10B,Female
182,2022,10,10C,Male
176,2022,10,10C,Female
761,2022,10,10A,Female
185,2022,10,10C,Male
175,2022,10,10B,Female
131,2022,10,10A,Female
210,2022,10,10D,Male
245,2022,10,10E,Male
187,2022,10,10C,Female
244,2022,10,10E,Male
762,2022,10,10B,Female
180,2022,10,10C,Male
243,2022,10,10E,Female
181,2022,10,10C,Male
160,2022,10,10B,Female
192,2022,10,10C,Male
167,2022,10,10B,Female
178,2022,10,10C,Male
194,2022,10,10C,Male
132,2022,10,10A,Male
190,2022,10,10C,Female
250,2022,10,10E,Male
241,2022,10,10E,Female
221,2022,10,10D,Male
149,2022,10,10A,Male
207,2022,10,10D,Female
234,2022,10,10E,Female
225,2022,10,10D,Female
168,2022,10,10B,Male
196,2022,10,10C,Female
204,2022,10,10D,Male
162,2022,10,10B,Male
152,2022,10,10B,Male
237,2022,10,10E,Female
189,2022,10,10C,Male
224,2022,10,10D,Female
239,2022,10,10E,Male
223,2022,10,10D,Female
205,2022,10,10D,Female
172,2022,10,10B,Male
765,2022,10,10E,Male
173,2022,10,10B,Male
133,2022,10,10A,Male
796,2022,10,10A,Male
797,2022,10,10B,Male
798,2022,10,10C,Male
799,2022,10,10D,Male
800,2022,10,10E,Male
262,2022,11,11A,Female
260,2022,11,11A,Male
291,2022,11,11B,Male
331,2022,11,11D,Male
290,2022,11,11B,Female
341,2022,11,11D,Male
267,2022,11,11A,Female
769,2022,11,11D,Female
768,2022,11,11C,Female
304,2022,11,11C,Female
275,2022,11,11A,Male
288,2022,11,11B,Male
313,2022,11,11C,Female
326,2022,11,11D,Female
365,2022,11,11E,Male
358,2022,11,11E,Female
278,2022,11,11B,Female
355,2022,11,11E,Female
367,2022,11,11E,Female
325,2022,11,11C,Female
279,2022,11,11B,Male
361,2022,11,11E,Female
269,2022,11,11A,Male
263,2022,11,11A,Male
324,2022,11,11C,Female
259,2022,11,11A,Female
295,2022,11,11B,Female
282,2022,11,11B,Female
276,2022,11,11B,Female
253,2022,11,11A,Female
309,2022,11,11C,Female
323,2022,11,11C,Female
320,2022,11,11C,Female
328,2022,11,11D,Male
338,2022,11,11D,Male
251,2022,11,11A,Female
345,2022,11,11D,Male
334,2022,11,11D,Male
372,2022,11,11E,Female
340,2022,11,11D,Female
371,2022,11,11E,Female
286,2022,11,11B,Male
255,2022,11,11A,Male
266,2022,11,11A,Female
294,2022,11,11B,Female
318,2022,11,11C,Male
311,2022,11,11C,Female
296,2022,11,11B,Female
356,2022,11,11E,Male
299,2022,11,11B,Male
342,2022,11,11D,Female
351,2022,11,11E,Female
254,2022,11,11A,Male
281,2022,11,11B,Female
373,2022,11,11E,Female
273,2022,11,11A,Female
261,2022,11,11A,Male
264,2022,11,11A,Male
363,2022,11,11E,Male
337,2022,11,11D,Male
374,2022,11,11E,Female
271,2022,11,11A,Female
284,2022,11,11B,Male
308,2022,11,11C,Female
360,2022,11,11E,Male
354,2022,11,11E,Female
252,2022,11,11A,Male
344,2022,11,11D,Female
347,2022,11,11D,Male
333,2022,11,11D,Female
327,2022,11,11D,Male
352,2022,11,11E,Male
336,2022,11,11D,Female
289,2022,11,11B,Male
283,2022,11,11B,Female
307,2022,11,11C,Female
301,2022,11,11C,Male
766,2022,11,11A,Male
310,2022,11,11C,Female
300,2022,11,11B,Female
256,2022,11,11A,Male
335,2022,11,11D,Female
370,2022,11,11E,Male
312,2022,11,11C,Male
369,2022,11,11E,Male
767,2022,11,11B,Male
305,2022,11,11C,Female
368,2022,11,11E,Female
306,2022,11,11C,Male
285,2022,11,11B,Female
317,2022,11,11C,Male
292,2022,11,11B,Male
303,2022,11,11C,Male
319,2022,11,11C,Male
257,2022,11,11A,Male
315,2022,11,11C,Male
375,2022,11,11E,Male
366,2022,11,11E,Male
346,2022,11,11D,Male
274,2022,11,11A,Female
332,2022,11,11D,Male
359,2022,11,11E,Male
350,2022,11,11D,Male
293,2022,11,11B,Male
321,2022,11,11C,Female
329,2022,11,11D,Female
287,2022,11,11B,Male
277,2022,11,11B,Male
362,2022,11,11E,Male
314,2022,11,11C,Male
349,2022,11,11D,Female
364,2022,11,11E,Female
348,2022,11,11D,Female
330,2022,11,11D,Female
297,2022,11,11B,Female
770,2022,11,11E,Male
298,2022,11,11B,Male
258,2022,11,11A,Female
801,2022,11,11A,Male
802,2022,11,11B,Female
803,2022,11,11C,Male
804,2022,11,11D,Male
805,2022,11,11E,Female
387,2022,12,12A,Male
385,2022,12,12A,Male
416,2022,12,12B,Male
456,2022,12,12D,Male
415,2022,12,12B,Male
466,2022,12,12D,Male
392,2022,12,12A,Male
774,2022,12,12D,Female
773,2022,12,12C,Male
429,2022,12,12C,Male
400,2022,12,12A,Male
413,2022,12,12B,Female
438,2022,12,12C,Female
451,2022,12,12D,Female
490,2022,12,12E,Male
483,2022,12,12E,Male
403,2022,12,12B,Male
480,2022,12,12E,Female
492,2022,12,12E,Male
450,2022,12,12C,Female
404,2022,12,12B,Male
486,2022,12,12E,Female
394,2022,12,12A,Female
388,2022,12,12A,Male
449,2022,12,12C,Male
384,2022,12,12A,Male
420,2022,12,12B,Female
407,2022,12,12B,Female
401,2022,12,12B,Female
378,2022,12,12A,Male
434,2022,12,12C,Female
448,2022,12,12C,Female
445,2022,12,12C,Female
453,2022,12,12D,Female
463,2022,12,12D,Female
376,2022,12,12A,Female
470,2022,12,12D,Female
459,2022,12,12D,Male
497,2022,12,12E,Male
465,2022,12,12D,Female
496,2022,12,12E,Male
411,2022,12,12B,Male
380,2022,12,12A,Male
391,2022,12,12A,Male
419,2022,12,12B,Female
443,2022,12,12C,Male
436,2022,12,12C,Female
421,2022,12,12B,Female
481,2022,12,12E,Female
424,2022,12,12B,Male
467,2022,12,12D,Female
476,2022,12,12E,Female
379,2022,12,12A,Female
406,2022,12,12B,Female
498,2022,12,12E,Female
398,2022,12,12A,Female
386,2022,12,12A,Female
389,2022,12,12A,Male
488,2022,12,12E,Female
462,2022,12,12D,Male
499,2022,12,12E,Male
396,2022,12,12A,Female
409,2022,12,12B,Female
433,2022,12,12C,Male
485,2022,12,12E,Male
479,2022,12,12E,Male
377,2022,12,12A,Female
469,2022,12,12D,Male
472,2022,12,12D,Female
458,2022,12,12D,Female
452,2022,12,12D,Female
477,2022,12,12E,Male
461,2022,12,12D,Female
414,2022,12,12B,Male
408,2022,12,12B,Female
432,2022,12,12C,Female
426,2022,12,12C,Male
771,2022,12,12A,Male
435,2022,12,12C,Female
425,2022,12,12B,Female
381,2022,12,12A,Female
460,2022,12,12D,Male
495,2022,12,12E,Male
437,2022,12,12C,Female
494,2022,12,12E,Female
772,2022,12,12B,Male
430,2022,12,12C,Female
493,2022,12,12E,Male
431,2022,12,12C,Male
410,2022,12,12B,Female
442,2022,12,12C,Female
417,2022,12,12B,Male
428,2022,12,12C,Female
444,2022,12,12C,Female
382,2022,12,12A,Female
440,2022,12,12C,Male
500,2022,12,12E,Female
491,2022,12,12E,Female
471,2022,12,12D,Male
399,2022,12,12A,Female
457,2022,12,12D,Female
484,2022,12,12E,Female
475,2022,12,12D,Male
418,2022,12,12B,Female
446,2022,12,12C,Male
454,2022,12,12D,Female
412,2022,12,12B,Female
402,2022,12,12B,Female
487,2022,12,12E,Male
439,2022,12,12C,Male
474,2022,12,12D,Female
489,2022,12,12E,Male
473,2022,12,12D,Male
455,2022,12,12D,Male
422,2022,12,12B,Female
775,2022,12,12E,Female
423,2022,12,12B,Female
383,2022,12,12A,Female
806,2022,12,12A,Female
807,2022,12,12B,Female
808,2022,12,12C,Male
809,2022,12,12D,Female
810,2022,12,12E,Male
811,2023,7,7A,Male
812,2023,7,7B,Male
813,2023,7,7C,Male
814,2023,7,7D,Female
815,2023,7,7E,Female
782,2023,8,8B,Male
785,2023,8,8E,Female
783,2023,8,8C,Female
781,2023,8,8A,Male
784,2023,8,8D,Female
816,2023,8,8A,Male
817,2023,8,8B,Male
818,2023,8,8C,Male
819,2023,8,8D,Female
820,2023,8,8E,Male
789,2023,9,9D,Female
755,2023,9,9E,Female
786,2023,9,9A,Male
752,2023,9,9B,Male
788,2023,9,9C,Female
753,2023,9,9C,Female
790,2023,9,9E,Male
754,2023,9,9D,Female
751,2023,9,9A,Female
787,2023,9,9B,Male
821,2023,9,9A,Male
822,2023,9,9B,Female
823,2023,9,9C,Female
824,2023,9,9D,Male
825,2023,9,9E,Female
117,2023,10,10E,Male
68,2023,10,10C,Male
46,2023,10,10B,Female
35,2023,10,10B,Female
40,2023,10,10B,Male
121,2023,10,10E,Female
34,2023,10,10B,Female
82,2023,10,10D,Female
73,2023,10,10C,Male
23,2023,10,10A,Female
31,2023,10,10B,Male
51,2023,10,10C,Male
25,2023,10,10A,Female
42,2023,10,10B,Male
69,2023,10,10C,Female
38,2023,10,10B,Male
756,2023,10,10A,Female
11,2023,10,10A,Male
48,2023,10,10B,Male
12,2023,10,10A,Male
45,2023,10,10B,Female
44,2023,10,10B,Female
2,2023,10,10A,Female
112,2023,10,10E,Male
74,2023,10,10C,Female
5,2023,10,10A,Male
791,2023,10,10A,Female
7,2023,10,10A,Male
95,2023,10,10D,Female
67,2023,10,10C,Female
63,2023,10,10C,Male
108,2023,10,10E,Female
39,2023,10,10B,Male
19,2023,10,10A,Female
8,2023,10,10A,Male
793,2023,10,10C,Male
119,2023,10,10E,Female
59,2023,10,10C,Male
60,2023,10,10C,Male
104,2023,10,10E,Female
54,2023,10,10C,Female
78,2023,10,10D,Female
9,2023,10,10A,Male
77,2023,10,10D,Female
26,2023,10,10B,Female
794,2023,10,10D,Female
109,2023,10,10E,Female
91,2023,10,10D,Female
110,2023,10,10E,Male
83,2023,10,10D,Male
90,2023,10,10D,Female
49,2023,10,10B,Female
1,2023,10,10A,Male
28,2023,10,10B,Female
94,2023,10,10D,Female
88,2023,10,10D,Male
6,2023,10,10A,Female
759,2023,10,10D,Male
16,2023,10,10A,Male
99,2023,10,10D,Female
97,2023,10,10D,Female
85,2023,10,10D,Male
32,2023,10,10B,Male
75,2023,10,10C,Male
96,2023,10,10D,Female
27,2023,10,10B,Female
758,2023,10,10C,Male
76,2023,10,10D,Female
98,2023,10,10D,Female
81,2023,10,10D,Male
105,2023,10,10E,Female
122,2023,10,10E,Male
86,2023,10,10D,Male
65,2023,10,10C,Male
17,2023,10,10A,Female
757,2023,10,10B,Female
79,2023,10,10D,Male
116,2023,10,10E,Female
123,2023,10,10E,Female
92,2023,10,10D,Female
80,2023,10,10D,Female
61,2023,10,10C,Male
62,2023,10,10C,Male
21,2023,10,10A,Female
792,2023,10,10B,Female
50,2023,10,10B,Female
125,2023,10,10E,Male
36,2023,10,10B,Male
113,2023,10,10E,Female
106,2023,10,10E,Female
56,2023,10,10C,Female
71,2023,10,10C,Female
14,2023,10,10A,Male
57,2023,10,10C,Female
70,2023,10,10C,Female
760,2023,10,10E,Male
87,2023,10,10D,Female
58,2023,10,10C,Male
47,2023,10,10B,Female
84,2023,10,10D,Female
3,2023,10,10A,Male
64,2023,10,10C,Male
10,2023,10,10A,Female
4,2023,10,10A,Male
111,2023,10,10E,Female
41,2023,10,10B,Male
13,2023,10,10A,Male
43,2023,10,10B,Female
24,2023,10,10A,Female
118,2023,10,10E,Female
114,2023,10,10E,Female
33,2023,10,10B,Female
55,2023,10,10C,Male
120,2023,10,10E,Male
795,2023,10,10E,Male
29,2023,10,10B,Female
124,2023,10,10E,Male
826,2023,10,10A,Female
827,2023,10,10B,Male
828,2023,10,10C,Female
829,2023,10,10D,Male
830,2023,10,10E,Female
242,2023,11,11E,Male
193,2023,11,11C,Male
171,2023,11,11B,Female
160,2023,11,11B,Female
165,2023,11,11B,Female
246,2023,11,11E,Female
159,2023,11,11B,Male
207,2023,11,11D,Female
198,2023,11,11C,Female
148,2023,11,11A,Male
156,2023,11,11B,Female
176,2023,11,11C,Female
150,2023,11,11A,Female
167,2023,11,11B,Female
194,2023,11,11C,Male
163,2023,11,11B,Female
761,2023,11,11A,Female
136,2023,11,11A,Male
173,2023,11,11B,Male
137,2023,11,11A,Male
170,2023,11,11B,Female
169,2023,11,11B,Male
127,2023,11,11A,Female
237,2023,11,11E,Female
199,2023,11,11C,Male
130,2023,11,11A,Female
796,2023,11,11A,Male
132,2023,11,11A,Male
220,2023,11,11D,Male
192,2023,11,11C,Male
188,2023,11,11C,Male
233,2023,11,11E,Female
164,2023,11,11B,Female
144,2023,11,11A,Female
133,2023,11,11A,Male
798,2023,11,11C,Male
244,2023,11,11E,Male
184,2023,11,11C,Male
185,2023,11,11C,Male
229,2023,11,11E,Male
179,2023,11,11C,Male
203,2023,11,11D,Male
134,2023,11,11A,Male
202,2023,11,11D,Female
151,2023,11,11B,Male
799,2023,11,11D,Male
234,2023,11,11E,Female
216,2023,11,11D,Male
235,2023,11,11E,Female
208,2023,11,11D,Female
215,2023,11,11D,Male
174,2023,11,11B,Female
126,2023,11,11A,Female
153,2023,11,11B,Male
219,2023,11,11D,Female
213,2023,11,11D,Male
131,2023,11,11A,Female
764,2023,11,11D,Female
141,2023,11,11A,Female
224,2023,11,11D,Female
222,2023,11,11D,Male
210,2023,11,11D,Male
157,2023,11,11B,Male
200,2023,11,11C,Male
221,2023,11,11D,Male
152,2023,11,11B,Male
763,2023,11,11C,Male
201,2023,11,11D,Male
223,2023,11,11D,Female
206,2023,11,11D,Male
230,2023,11,11E,Male
247,2023,11,11E,Male
211,2023,11,11D,Male
190,2023,11,11C,Female
142,2023,11,11A,Male
762,2023,11,11B,Female
204,2023,11,11D,Male
241,2023,11,11E,Female
248,2023,11,11E,Male
217,2023,11,11D,Female
205,2023,11,11D,Female
186,2023,11,11C,Male
187,2023,11,11C,Female
146,2023,11,11A,Male
797,2023,11,11B,Male
175,2023,11,11B,Female
250,2023,11,11E,Male
161,2023,11,11B,Male
238,2023,11,11E,Female
231,2023,11,11E,Female
181,2023,11,11C,Male
196,2023,11,11C,Female
139,2023,11,11A,Male
182,2023,11,11C,Male
195,2023,11,11C,Male
765,2023,11,11E,Male
212,2023,11,11D,Male
183,2023,11,11C,Female
172,2023,11,11B,Male
209,2023,11,11D,Female
128,2023,11,11A,Male
189,2023,11,11C,Male
135,2023,11,11A,Male
129,2023,11,11A,Female
236,2023,11,11E,Female
166,2023,11,11B,Male
138,2023,11,11A,Male
168,2023,11,11B,Male
149,2023,11,11A,Male
243,2023,11,11E,Female
239,2023,11,11E,Male
158,2023,11,11B,Female
180,2023,11,11C,Male
245,2023,11,11E,Male
800,2023,11,11E,Male
154,2023,11,11B,Male
249,2023,11,11E,Male
831,2023,11,11A,Male
832,2023,11,11B,Male
833,2023,11,11C,Male
834,2023,11,11D,Female
835,2023,11,11E,Male
367,2023,12,12E,Female
318,2023,12,12C,Male
296,2023,12,12B,Female
285,2023,12,12B,Female
290,2023,12,12B,Female
371,2023,12,12E,Female
284,2023,12,12B,Male
332,2023,12,12D,Male
323,2023,12,12C,Female
273,2023,12,12A,Female
281,2023,12,12B,Female
301,2023,12,12C,Male
275,2023,12,12A,Male
292,2023,12,12B,Male
319,2023,12,12C,Male
288,2023,12,12B,Male
766,2023,12,12A,Male
261,2023,12,12A,Male
298,2023,12,12B,Male
262,2023,12,12A,Female
295,2023,12,12B,Female
294,2023,12,12B,Female
252,2023,12,12A,Male
362,2023,12,12E,Male
324,2023,12,12C,Female
255,2023,12,12A,Male
801,2023,12,12A,Male
257,2023,12,12A,Male
345,2023,12,12D,Male
317,2023,12,12C,Male
313,2023,12,12C,Female
358,2023,12,12E,Female
289,2023,12,12B,Male
269,2023,12,12A,Male
258,2023,12,12A,Female
803,2023,12,12C,Male
369,2023,12,12E,Male
309,2023,12,12C,Female
310,2023,12,12C,Female
354,2023,12,12E,Female
304,2023,12,12C,Female
328,2023,12,12D,Male
259,2023,12,12A,Female
327,2023,12,12D,Male
276,2023,12,12B,Female
804,2023,12,12D,Male
359,2023,12,12E,Male
341,2023,12,12D,Male
360,2023,12,12E,Male
333,2023,12,12D,Female
340,2023,12,12D,Female
299,2023,12,12B,Male
251,2023,12,12A,Female
278,2023,12,12B,Female
344,2023,12,12D,Female
338,2023,12,12D,Male
256,2023,12,12A,Male
769,2023,12,12D,Female
266,2023,12,12A,Female
349,2023,12,12D,Female
347,2023,12,12D,Male
335,2023,12,12D,Female
282,2023,12,12B,Female
325,2023,12,12C,Female
346,2023,12,12D,Male
277,2023,12,12B,Male
768,2023,12,12C,Female
326,2023,12,12D,Female
348,2023,12,12D,Female
331,2023,12,12D,Male
355,2023,12,12E,Female
372,2023,12,12E,Female
336,2023,12,12D,Female
315,2023,12,12C,Male
267,2023,12,12A,Female
767,2023,12,12B,Male
329,2023,12,12D,Female
366,2023,12,12E,Male
373,2023,12,12E,Female
342,2023,12,12D,Female
330,2023,12,12D,Female
311,2023,12,12C,Female
312,2023,12,12C,Male
271,2023,12,12A,Female
802,2023,12,12B,Female
300,2023,12,12B,Female
375,2023,12,12E,Male
286,2023,12,12B,Male
363,2023,12,12E,Male
356,2023,12,12E,Male
306,2023,12,12C,Male
321,2023,12,12C,Female
264,2023,12,12A,Male
307,2023,12,12C,Female
320,2023,12,12C,Female
770,2023,12,12E,Male
337,2023,12,12D,Male
308,2023,12,12C,Female
297,2023,12,12B,Female
334,2023,12,12D,Male
253,2023,12,12A,Female
314,2023,12,12C,Male
260,2023,12,12A,Male
254,2023,12,12A,Male
361,2023,12,12E,Female
291,2023,12,12B,Male
263,2023,12,12A,Male
293,2023,12,12B,Male
274,2023,12,12A,Female
368,2023,12,12E,Female
364,2023,12,12E,Female
283,2023,12,12B,Female
305,2023,12,12C,Female
370,2023,12,12E,Male
805,2023,12,12E,Female
279,2023,12,12B,Male
374,2023,12,12E,Female
836,2023,12,12A,Female
837,2023,12,12B,Male
838,2023,12,12C,Male
839,2023,12,12D,Female
840,2023,12,12E,Male
841,2024,7,7A,Male
842,2024,7,7B,Female
843,2024,7,7C,Male
844,2024,7,7D,Male
845,2024,7,7E,Male
812,2024,8,8B,Male
815,2024,8,8E,Female
813,2024,8,8C,Male
811,2024,8,8A,Male
814,2024,8,8D,Female
846,2024,8,8A,Male
847,2024,8,8B,Female
848,2024,8,8C,Female
849,2024,8,8D,Male
850,2024,8,8E,Female
819,2024,9,9D,Female
785,2024,9,9E,Female
816,2024,9,9A,Male
782,2024,9,9B,Male
818,2024,9,9C,Male
783,2024,9,9C,Female
820,2024,9,9E,Male
784,2024,9,9D,Female
781,2024,9,9A,Male
817,2024,9,9B,Male
851,2024,9,9A,Male
852,2024,9,9B,Female
853,2024,9,9C,Male
854,2024,9,9D,Male
855,2024,9,9E,Male
787,2024,10,10B,Male
822,2024,10,10B,Female
789,2024,10,10D,Female
824,2024,10,10D,Male
753,2024,10,10C,Female
751,2024,10,10A,Female
786,2024,10,10A,Male
755,2024,10,10E,Female
825,2024,10,10E,Female
788,2024,10,10C,Female
754,2024,10,10D,Female
821,2024,10,10A,Male
823,2024,10,10C,Female
752,2024,10,10B,Male
856,2024,10,10A,Male
857,2024,10,10B,Male
858,2024,10,10C,Male
859,2024,10,10D,Female
860,2024,10,10E,Male
48,2024,11,11B,Male
794,2024,11,11D,Female
91,2024,11,11D,Female
106,2024,11,11E,Female
40,2024,11,11B,Male
54,2024,11,11C,Female
32,2024,11,11B,Male
43,2024,11,11B,Female
108,2024,11,11E,Female
88,2024,11,11D,Male
28,2024,11,11B,Female
828,2024,11,11C,Female
31,2024,11,11B,Male
56,2024,11,11C,Female
118,2024,11,11E,Female
51,2024,11,11C,Male
79,2024,11,11D,Male
6,2024,11,11A,Female
29,2024,11,11B,Female
117,2024,11,11E,Male
791,2024,11,11A,Female
26,2024,11,11B,Female
758,2024,11,11C,Male
47,2024,11,11B,Female
74,2024,11,11C,Female
9,2024,11,11A,Male
41,2024,11,11B,Male
57,2024,11,11C,Female
119,2024,11,11E,Female
3,2024,11,11A,Male
25,2024,11,11A,Female
38,2024,11,11B,Male
86,2024,11,11D,Male
2,2024,11,11A,Female
124,2024,11,11E,Male
71,2024,11,11C,Female
21,2024,11,11A,Female
63,2024,11,11C,Male
116,2024,11,11E,Female
27,2024,11,11B,Female
23,2024,11,11A,Female
19,2024,11,11A,Female
5,2024,11,11A,Male
105,2024,11,11E,Female
95,2024,11,11D,Female
829,2024,11,11D,Male
33,2024,11,11B,Female
121,2024,11,11E,Female
96,2024,11,11D,Female
81,2024,11,11D,Male
104,2024,11,11E,Female
83,2024,11,11D,Male
793,2024,11,11C,Male
756,2024,11,11A,Female
76,2024,11,11D,Female
8,2024,11,11A,Male
792,2024,11,11B,Female
82,2024,11,11D,Female
77,2024,11,11D,Female
65,2024,11,11C,Male
98,2024,11,11D,Female
80,2024,11,11D,Female
7,2024,11,11A,Male
12,2024,11,11A,Male
58,2024,11,11C,Male
120,2024,11,11E,Male
73,2024,11,11C,Male
42,2024,11,11B,Male
50,2024,11,11B,Female
35,2024,11,11B,Female
11,2024,11,11A,Male
60,2024,11,11C,Male
70,2024,11,11C,Female
34,2024,11,11B,Female
123,2024,11,11E,Female
111,2024,11,11E,Female
87,2024,11,11D,Female
94,2024,11,11D,Female
90,2024,11,11D,Female
61,2024,11,11C,Male
109,2024,11,11E,Female
55,2024,11,11C,Male
85,2024,11,11D,Male
827,2024,11,11B,Male
92,2024,11,11D,Female
760,2024,11,11E,Male
78,2024,11,11D,Female
16,2024,11,11A,Male
110,2024,11,11E,Male
113,2024,11,11E,Female
826,2024,11,11A,Female
759,2024,11,11D,Male
757,2024,11,11B,Female
39,2024,11,11B,Male
795,2024,11,11E,Male
99,2024,11,11D,Female
75,2024,11,11C,Male
64,2024,11,11C,Male
59,2024,11,11C,Male
67,2024,11,11C,Female
24,2024,11,11A,Female
68,2024,11,11C,Male
1,2024,11,11A,Male
44,2024,11,11B,Female
46,2024,11,11B,Female
112,2024,11,11E,Male
4,2024,11,11A,Male
84,2024,11,11D,Female
36,2024,11,11B,Male
114,2024,11,11E,Female
17,2024,11,11A,Female
125,2024,11,11E,Male
62,2024,11,11C,Male
830,2024,11,11E,Female
45,2024,11,11B,Female
97,2024,11,11D,Female
861,2024,11,11A,Female
862,2024,11,11B,Male
863,2024,11,11C,Female
864,2024,11,11D,Female
865,2024,11,11E,Female
173,2024,12,12B,Male
799,2024,12,12D,Male
216,2024,12,12D,Male
231,2024,12,12E,Female
165,2024,12,12B,Female
179,2024,12,12C,Male
157,2024,12,12B,Male
168,2024,12,12B,Male
233,2024,12,12E,Female
213,2024,12,12D,Male
153,2024,12,12B,Male
833,2024,12,12C,Male
156,2024,12,12B,Female
181,2024,12,12C,Male
243,2024,12,12E,Female
176,2024,12,12C,Female
204,2024,12,12D,Male
131,2024,12,12A,Female
154,2024,12,12B,Male
242,2024,12,12E,Male
796,2024,12,12A,Male
151,2024,12,12B,Male
763,2024,12,12C,Male
172,2024,12,12B,Male
199,2024,12,12C,Male
134,2024,12,12A,Male
166,2024,12,12B,Male
182,2024,12,12C,Male
244,2024,12,12E,Male
128,2024,12,12A,Male
150,2024,12,12A,Female
163,2024,12,12B,Female
211,2024,12,12D,Male
127,2024,12,12A,Female
249,2024,12,12E,Male
196,2024,12,12C,Female
146,2024,12,12A,Male
188,2024,12,12C,Male
241,2024,12,12E,Female
152,2024,12,12B,Male
148,2024,12,12A,Male
144,2024,12,12A,Female
130,2024,12,12A,Female
230,2024,12,12E,Male
220,2024,12,12D,Male
834,2024,12,12D,Female
158,2024,12,12B,Female
246,2024,12,12E,Female
221,2024,12,12D,Male
206,2024,12,12D,Male
229,2024,12,12E,Male
208,2024,12,12D,Female
798,2024,12,12C,Male
761,2024,12,12A,Female
201,2024,12,12D,Male
133,2024,12,12A,Male
797,2024,12,12B,Male
207,2024,12,12D,Female
202,2024,12,12D,Female
190,2024,12,12C,Female
223,2024,12,12D,Female
205,2024,12,12D,Female
132,2024,12,12A,Male
137,2024,12,12A,Male
183,2024,12,12C,Female
245,2024,12,12E,Male
198,2024,12,12C,Female
167,2024,12,12B,Female
175,2024,12,12B,Female
160,2024,12,12B,Female
136,2024,12,12A,Male
185,2024,12,12C,Male
195,2024,12,12C,Male
159,2024,12,12B,Male
248,2024,12,12E,Male
236,2024,12,12E,Female
212,2024,12,12D,Male
219,2024,12,12D,Female
215,2024,12,12D,Male
186,2024,12,12C,Male
234,2024,12,12E,Female
180,2024,12,12C,Male
210,2024,12,12D,Male
832,2024,12,12B,Male
217,2024,12,12D,Female
765,2024,12,12E,Male
203,2024,12,12D,Male
141,2024,12,12A,Female
235,2024,12,12E,Female
238,2024,12,12E,Female
831,2024,12,12A,Male
764,2024,12,12D,Female
762,2024,12,12B,Female
164,2024,12,12B,Female
800,2024,12,12E,Male
224,2024,12,12D,Female
200,2024,12,12C,Male
189,2024,12,12C,Male
184,2024,12,12C,Male
192,2024,12,12C,Male
149,2024,12,12A,Male
193,2024,12,12C,Male
126,2024,12,12A,Female
169,2024,12,12B,Male
171,2024,12,12B,Female
237,2024,12,12E,Female
129,2024,12,12A,Female
209,2024,12,12D,Female
161,2024,12,12B,Male
239,2024,12,12E,Male
142,2024,12,12A,Male
250,2024,12,12E,Male
187,2024,12,12C,Female
835,2024,12,12E,Male
170,2024,12,12B,Female
222,2024,12,12D,Male
866,2024,12,12A,Male
867,2024,12,12B,Male
868,2024,12,12C,Female
869,2024,12,12D,Male
870,2024,12,12E,Female
871,2025,7,7A,Male
872,2025,7,7B,Female
873,2025,7,7C,Female
874,2025,7,7D,Male
875,2025,7,7E,Female
842,2025,8,8B,Female
845,2025,8,8E,Male
843,2025,8,8C,Male
841,2025,8,8A,Male
844,2025,8,8D,Male
876,2025,8,8A,Male
877,2025,8,8B,Female
878,2025,8,8C,Female
879,2025,8,8D,Male
880,2025,8,8E,Male
849,2025,9,9D,Male
815,2025,9,9E,Female
846,2025,9,9A,Male
812,2025,9,9B,Male
848,2025,9,9C,Female
813,2025,9,9C,Male
850,2025,9,9E,Female
814,2025,9,9D,Female
811,2025,9,9A,Male
847,2025,9,9B,Female
881,2025,9,9A,Male
882,2025,9,9B,Female
883,2025,9,9C,Male
884,2025,9,9D,Female
885,2025,9,9E,Female
817,2025,10,10B,Male
852,2025,10,10B,Female
819,2025,10,10D,Female
854,2025,10,10D,Male
783,2025,10,10C,Female
781,2025,10,10A,Male
816,2025,10,10A,Male
785,2025,10,10E,Female
855,2025,10,10E,Male
818,2025,10,10C,Male
784,2025,10,10D,Female
851,2025,10,10A,Male
853,2025,10,10C,Male
782,2025,10,10B,Male
886,2025,10,10A,Male
887,2025,10,10B,Male
888,2025,10,10C,Female
889,2025,10,10D,Female
890,2025,10,10E,Male
787,2025,11,11B,Male
751,2025,11,11A,Female
821,2025,11,11A,Male
822,2025,11,11B,Female
825,2025,11,11E,Female
858,2025,11,11C,Male
824,2025,11,11D,Male
752,2025,11,11B,Male
857,2025,11,11B,Male
859,2025,11,11D,Female
789,2025,11,11D,Female
788,2025,11,11C,Female
860,2025,11,11E,Male
753,2025,11,11C,Female
823,2025,11,11C,Female
755,2025,11,11E,Female
754,2025,11,11D,Female
856,2025,11,11A,Male
891,2025,11,11A,Male
892,2025,11,11B,Male
893,2025,11,11C,Male
894,2025,11,11D,Male
895,2025,11,11E,Female
95,2025,12,12D,Female
121,2025,12,12E,Female
40,2025,12,12B,Male
8,2025,12,12A,Male
41,2025,12,12B,Male
58,2025,12,12C,Male
34,2025,12,12B,Female
28,2025,12,12B,Female
23,2025,12,12A,Female
36,2025,12,12B,Male
29,2025,12,12B,Female
7,2025,12,12A,Male
828,2025,12,12C,Female
21,2025,12,12A,Female
826,2025,12,12A,Female
863,2025,12,12C,Female
17,2025,12,12A,Female
48,2025,12,12B,Male
113,2025,12,12E,Female
46,2025,12,12B,Female
120,2025,12,12E,Male
829,2025,12,12D,Male
38,2025,12,12B,Male
11,2025,12,12A,Male
5,2025,12,12A,Male
31,2025,12,12B,Male
51,2025,12,12C,Male
97,2025,12,12D,Female
87,2025,12,12D,Female
59,2025,12,12C,Male
74,2025,12,12C,Female
90,2025,12,12D,Female
758,2025,12,12C,Male
64,2025,12,12C,Male
792,2025,12,12B,Female
125,2025,12,12E,Male
25,2025,12,12A,Female
756,2025,12,12A,Female
864,2025,12,12D,Female
88,2025,12,12D,Male
2,2025,12,12A,Female
9,2025,12,12A,Male
35,2025,12,12B,Female
119,2025,12,12E,Female
861,2025,12,12A,Female
760,2025,12,12E,Male
54,2025,12,12C,Female
759,2025,12,12D,Male
50,2025,12,12B,Female
27,2025,12,12B,Female
81,2025,12,12D,Male
71,2025,12,12C,Female
79,2025,12,12D,Male
73,2025,12,12C,Male
124,2025,12,12E,Male
45,2025,12,12B,Female
43,2025,12,12B,Female
105,2025,12,12E,Female
70,2025,12,12C,Female
42,2025,12,12B,Male
827,2025,12,12B,Male
57,2025,12,12C,Female
117,2025,12,12E,Male
75,2025,12,12C,Male
68,2025,12,12C,Male
108,2025,12,12E,Female
56,2025,12,12C,Female
92,2025,12,12D,Female
106,2025,12,12E,Female
6,2025,12,12A,Female
116,2025,12,12E,Female
39,2025,12,12B,Male
32,2025,12,12B,Male
94,2025,12,12D,Female
112,2025,12,12E,Male
99,2025,12,12D,Female
76,2025,12,12D,Female
104,2025,12,12E,Female
109,2025,12,12E,Female
33,2025,12,12B,Female
55,2025,12,12C,Male
80,2025,12,12D,Female
862,2025,12,12B,Male
61,2025,12,12C,Male
795,2025,12,12E,Male
19,2025,12,12A,Female
77,2025,12,12D,Female
96,2025,12,12D,Female
110,2025,12,12E,Male
62,2025,12,12C,Male
82,2025,12,12D,Female
111,2025,12,12E,Female
86,2025,12,12D,Male
830,2025,12,12E,Female
65,2025,12,12C,Male
12,2025,12,12A,Male
24,2025,12,12A,Female
63,2025,12,12C,Male
3,2025,12,12A,Male
84,2025,12,12D,Female
794,2025,12,12D,Female
793,2025,12,12C,Male
26,2025,12,12B,Female
91,2025,12,12D,Female
47,2025,12,12B,Female
44,2025,12,12B,Female
67,2025,12,12C,Female
16,2025,12,12A,Male
114,2025,12,12E,Female
123,2025,12,12E,Female
78,2025,12,12D,Female
85,2025,12,12D,Male
865,2025,12,12E,Female
791,2025,12,12A,Female
98,2025,12,12D,Female
896,2025,12,12A,Female
897,2025,12,12B,Female
898,2025,12,12C,Female
899,2025,12,12D,Male
900,2025,12,12E,Male
