week_id,academic_year,week_of_year,date,day_of_week
2019-2020-W01,2019-2020,1,2019-09-02,Monday
2019-2020-W01,2019-2020,1,2019-09-03,Tuesday
2019-2020-W01,2019-2020,1,2019-09-04,Wednesday
2019-2020-W01,2019-2020,1,2019-09-05,Thursday
2019-2020-W01,2019-2020,1,2019-09-06,Friday
2019-2020-W02,2019-2020,2,2019-09-09,Monday
2019-2020-W02,2019-2020,2,2019-09-10,Tuesday
2019-2020-W02,2019-2020,2,2019-09-11,Wednesday
2019-2020-W02,2019-2020,2,2019-09-12,Thursday
2019-2020-W02,2019-2020,2,2019-09-13,Friday
2019-2020-W03,2019-2020,3,2019-09-16,Monday
2019-2020-W03,2019-2020,3,2019-09-17,Tuesday
2019-2020-W03,2019-2020,3,2019-09-18,Wednesday
2019-2020-W03,2019-2020,3,2019-09-19,Thursday
2019-2020-W03,2019-2020,3,2019-09-20,Friday
2019-2020-W04,2019-2020,4,2019-09-23,Monday
2019-2020-W04,2019-2020,4,2019-09-24,Tuesday
2019-2020-W04,2019-2020,4,2019-09-25,Wednesday
2019-2020-W04,2019-2020,4,2019-09-26,Thursday
2019-2020-W04,2019-2020,4,2019-09-27,Friday
2019-2020-W05,2019-2020,5,2019-09-30,Monday
2019-2020-W05,2019-2020,5,2019-10-01,Tuesday
2019-2020-W05,2019-2020,5,2019-10-02,Wednesday
2019-2020-W05,2019-2020,5,2019-10-03,Thursday
2019-2020-W05,2019-2020,5,2019-10-04,Friday
2019-2020-W06,2019-2020,6,2019-10-07,Monday
2019-2020-W06,2019-2020,6,2019-10-08,Tuesday
2019-2020-W06,2019-2020,6,2019-10-09,Wednesday
2019-2020-W06,2019-2020,6,2019-10-10,Thursday
2019-2020-W06,2019-2020,6,2019-10-11,Friday
2019-2020-W07,2019-2020,7,2019-10-14,Monday
2019-2020-W07,2019-2020,7,2019-10-15,Tuesday
2019-2020-W07,2019-2020,7,2019-10-16,Wednesday
2019-2020-W07,2019-2020,7,2019-10-17,Thursday
2019-2020-W07,2019-2020,7,2019-10-18,Friday
2019-2020-W08,2019-2020,8,2019-10-21,Monday
2019-2020-W08,2019-2020,8,2019-10-22,Tuesday
2019-2020-W08,2019-2020,8,2019-10-23,Wednesday
2019-2020-W08,2019-2020,8,2019-10-24,Thursday
2019-2020-W08,2019-2020,8,2019-10-25,Friday
2019-2020-W09,2019-2020,9,2019-10-28,Monday
2019-2020-W09,2019-2020,9,2019-10-29,Tuesday
2019-2020-W09,2019-2020,9,2019-10-30,Wednesday
2019-2020-W09,2019-2020,9,2019-10-31,Thursday
2019-2020-W09,2019-2020,9,2019-11-01,Friday
2019-2020-W10,2019-2020,10,2019-11-04,Monday
2019-2020-W10,2019-2020,10,2019-11-05,Tuesday
2019-2020-W10,2019-2020,10,2019-11-06,Wednesday
2019-2020-W10,2019-2020,10,2019-11-07,Thursday
2019-2020-W10,2019-2020,10,2019-11-08,Friday
2019-2020-W11,2019-2020,11,2019-11-11,Monday
2019-2020-W11,2019-2020,11,2019-11-12,Tuesday
2019-2020-W11,2019-2020,11,2019-11-13,Wednesday
2019-2020-W11,2019-2020,11,2019-11-14,Thursday
2019-2020-W11,2019-2020,11,2019-11-15,Friday
2019-2020-W12,2019-2020,12,2019-11-18,Monday
2019-2020-W12,2019-2020,12,2019-11-19,Tuesday
2019-2020-W12,2019-2020,12,2019-11-20,Wednesday
2019-2020-W12,2019-2020,12,2019-11-21,Thursday
2019-2020-W12,2019-2020,12,2019-11-22,Friday
2019-2020-W13,2019-2020,13,2019-11-25,Monday
2019-2020-W13,2019-2020,13,2019-11-26,Tuesday
2019-2020-W13,2019-2020,13,2019-11-27,Wednesday
2019-2020-W13,2019-2020,13,2019-11-28,Thursday
2019-2020-W13,2019-2020,13,2019-11-29,Friday
2019-2020-W14,2019-2020,14,2019-12-02,Monday
2019-2020-W14,2019-2020,14,2019-12-03,Tuesday
2019-2020-W14,2019-2020,14,2019-12-04,Wednesday
2019-2020-W14,2019-2020,14,2019-12-05,Thursday
2019-2020-W14,2019-2020,14,2019-12-06,Friday
2019-2020-W15,2019-2020,15,2019-12-09,Monday
2019-2020-W15,2019-2020,15,2019-12-10,Tuesday
2019-2020-W15,2019-2020,15,2019-12-11,Wednesday
2019-2020-W15,2019-2020,15,2019-12-12,Thursday
2019-2020-W15,2019-2020,15,2019-12-13,Friday
2019-2020-W16,2019-2020,16,2019-12-16,Monday
2019-2020-W16,2019-2020,16,2019-12-17,Tuesday
2019-2020-W16,2019-2020,16,2019-12-18,Wednesday
2019-2020-W16,2019-2020,16,2019-12-19,Thursday
2019-2020-W16,2019-2020,16,2019-12-20,Friday
2019-2020-W17,2019-2020,17,2019-12-23,Monday
2019-2020-W17,2019-2020,17,2019-12-24,Tuesday
2019-2020-W17,2019-2020,17,2019-12-25,Wednesday
2019-2020-W17,2019-2020,17,2019-12-26,Thursday
2019-2020-W17,2019-2020,17,2019-12-27,Friday
2019-2020-W18,2019-2020,18,2019-12-30,Monday
2019-2020-W18,2019-2020,18,2019-12-31,Tuesday
2019-2020-W18,2019-2020,18,2020-01-01,Wednesday
2019-2020-W18,2019-2020,18,2020-01-02,Thursday
2019-2020-W18,2019-2020,18,2020-01-03,Friday
2019-2020-W19,2019-2020,19,2020-01-06,Monday
2019-2020-W19,2019-2020,19,2020-01-07,Tuesday
2019-2020-W19,2019-2020,19,2020-01-08,Wednesday
2019-2020-W19,2019-2020,19,2020-01-09,Thursday
2019-2020-W19,2019-2020,19,2020-01-10,Friday
2019-2020-W20,2019-2020,20,2020-01-13,Monday
2019-2020-W20,2019-2020,20,2020-01-14,Tuesday
2019-2020-W20,2019-2020,20,2020-01-15,Wednesday
2019-2020-W20,2019-2020,20,2020-01-16,Thursday
2019-2020-W20,2019-2020,20,2020-01-17,Friday
2019-2020-W21,2019-2020,21,2020-01-20,Monday
2019-2020-W21,2019-2020,21,2020-01-21,Tuesday
2019-2020-W21,2019-2020,21,2020-01-22,Wednesday
2019-2020-W21,2019-2020,21,2020-01-23,Thursday
2019-2020-W21,2019-2020,21,2020-01-24,Friday
2019-2020-W22,2019-2020,22,2020-01-27,Monday
2019-2020-W22,2019-2020,22,2020-01-28,Tuesday
2019-2020-W22,2019-2020,22,2020-01-29,Wednesday
2019-2020-W22,2019-2020,22,2020-01-30,Thursday
2019-2020-W22,2019-2020,22,2020-01-31,Friday
2019-2020-W23,2019-2020,23,2020-02-03,Monday
2019-2020-W23,2019-2020,23,2020-02-04,Tuesday
2019-2020-W23,2019-2020,23,2020-02-05,Wednesday
2019-2020-W23,2019-2020,23,2020-02-06,Thursday
2019-2020-W23,2019-2020,23,2020-02-07,Friday
2019-2020-W24,2019-2020,24,2020-02-10,Monday
2019-2020-W24,2019-2020,24,2020-02-11,Tuesday
2019-2020-W24,2019-2020,24,2020-02-12,Wednesday
2019-2020-W24,2019-2020,24,2020-02-13,Thursday
2019-2020-W24,2019-2020,24,2020-02-14,Friday
2019-2020-W25,2019-2020,25,2020-02-17,Monday
2019-2020-W25,2019-2020,25,2020-02-18,Tuesday
2019-2020-W25,2019-2020,25,2020-02-19,Wednesday
2019-2020-W25,2019-2020,25,2020-02-20,Thursday
2019-2020-W25,2019-2020,25,2020-02-21,Friday
2019-2020-W26,2019-2020,26,2020-02-24,Monday
2019-2020-W26,2019-2020,26,2020-02-25,Tuesday
2019-2020-W26,2019-2020,26,2020-02-26,Wednesday
2019-2020-W26,2019-2020,26,2020-02-27,Thursday
2019-2020-W26,2019-2020,26,2020-02-28,Friday
2019-2020-W27,2019-2020,27,2020-03-02,Monday
2019-2020-W27,2019-2020,27,2020-03-03,Tuesday
2019-2020-W27,2019-2020,27,2020-03-04,Wednesday
2019-2020-W27,2019-2020,27,2020-03-05,Thursday
2019-2020-W27,2019-2020,27,2020-03-06,Friday
2019-2020-W28,2019-2020,28,2020-03-09,Monday
2019-2020-W28,2019-2020,28,2020-03-10,Tuesday
2019-2020-W28,2019-2020,28,2020-03-11,Wednesday
2019-2020-W28,2019-2020,28,2020-03-12,Thursday
2019-2020-W28,2019-2020,28,2020-03-13,Friday
2019-2020-W29,2019-2020,29,2020-03-16,Monday
2019-2020-W29,2019-2020,29,2020-03-17,Tuesday
2019-2020-W29,2019-2020,29,2020-03-18,Wednesday
2019-2020-W29,2019-2020,29,2020-03-19,Thursday
2019-2020-W29,2019-2020,29,2020-03-20,Friday
2019-2020-W30,2019-2020,30,2020-03-23,Monday
2019-2020-W30,2019-2020,30,2020-03-24,Tuesday
2019-2020-W30,2019-2020,30,2020-03-25,Wednesday
2019-2020-W30,2019-2020,30,2020-03-26,Thursday
2019-2020-W30,2019-2020,30,2020-03-27,Friday
2019-2020-W31,2019-2020,31,2020-03-30,Monday
2019-2020-W31,2019-2020,31,2020-03-31,Tuesday
2019-2020-W31,2019-2020,31,2020-04-01,Wednesday
2019-2020-W31,2019-2020,31,2020-04-02,Thursday
2019-2020-W31,2019-2020,31,2020-04-03,Friday
2019-2020-W32,2019-2020,32,2020-04-06,Monday
2019-2020-W32,2019-2020,32,2020-04-07,Tuesday
2019-2020-W32,2019-2020,32,2020-04-08,Wednesday
2019-2020-W32,2019-2020,32,2020-04-09,Thursday
2019-2020-W32,2019-2020,32,2020-04-10,Friday
2019-2020-W33,2019-2020,33,2020-04-13,Monday
2019-2020-W33,2019-2020,33,2020-04-14,Tuesday
2019-2020-W33,2019-2020,33,2020-04-15,Wednesday
2019-2020-W33,2019-2020,33,2020-04-16,Thursday
2019-2020-W33,2019-2020,33,2020-04-17,Friday
2019-2020-W34,2019-2020,34,2020-04-20,Monday
2019-2020-W34,2019-2020,34,2020-04-21,Tuesday
2019-2020-W34,2019-2020,34,2020-04-22,Wednesday
2019-2020-W34,2019-2020,34,2020-04-23,Thursday
2019-2020-W34,2019-2020,34,2020-04-24,Friday
2019-2020-W35,2019-2020,35,2020-04-27,Monday
2019-2020-W35,2019-2020,35,2020-04-28,Tuesday
2019-2020-W35,2019-2020,35,2020-04-29,Wednesday
2019-2020-W35,2019-2020,35,2020-04-30,Thursday
2019-2020-W35,2019-2020,35,2020-05-01,Friday
2019-2020-W36,2019-2020,36,2020-05-04,Monday
2019-2020-W36,2019-2020,36,2020-05-05,Tuesday
2019-2020-W36,2019-2020,36,2020-05-06,Wednesday
2019-2020-W36,2019-2020,36,2020-05-07,Thursday
2019-2020-W36,2019-2020,36,2020-05-08,Friday
2019-2020-W37,2019-2020,37,2020-05-11,Monday
2019-2020-W37,2019-2020,37,2020-05-12,Tuesday
2019-2020-W37,2019-2020,37,2020-05-13,Wednesday
2019-2020-W37,2019-2020,37,2020-05-14,Thursday
2019-2020-W37,2019-2020,37,2020-05-15,Friday
2019-2020-W38,2019-2020,38,2020-05-18,Monday
2019-2020-W38,2019-2020,38,2020-05-19,Tuesday
2019-2020-W38,2019-2020,38,2020-05-20,Wednesday
2019-2020-W38,2019-2020,38,2020-05-21,Thursday
2019-2020-W38,2019-2020,38,2020-05-22,Friday
2019-2020-W39,2019-2020,39,2020-05-25,Monday
2019-2020-W39,2019-2020,39,2020-05-26,Tuesday
2019-2020-W39,2019-2020,39,2020-05-27,Wednesday
2019-2020-W39,2019-2020,39,2020-05-28,Thursday
2019-2020-W39,2019-2020,39,2020-05-29,Friday
2020-2021-W01,2020-2021,1,2020-09-07,Monday
2020-2021-W01,2020-2021,1,2020-09-08,Tuesday
2020-2021-W01,2020-2021,1,2020-09-09,Wednesday
2020-2021-W01,2020-2021,1,2020-09-10,Thursday
2020-2021-W01,2020-2021,1,2020-09-11,Friday
2020-2021-W02,2020-2021,2,2020-09-14,Monday
2020-2021-W02,2020-2021,2,2020-09-15,Tuesday
2020-2021-W02,2020-2021,2,2020-09-16,Wednesday
2020-2021-W02,2020-2021,2,2020-09-17,Thursday
2020-2021-W02,2020-2021,2,2020-09-18,Friday
2020-2021-W03,2020-2021,3,2020-09-21,Monday
2020-2021-W03,2020-2021,3,2020-09-22,Tuesday
2020-2021-W03,2020-2021,3,2020-09-23,Wednesday
2020-2021-W03,2020-2021,3,2020-09-24,Thursday
2020-2021-W03,2020-2021,3,2020-09-25,Friday
2020-2021-W04,2020-2021,4,2020-09-28,Monday
2020-2021-W04,2020-2021,4,2020-09-29,Tuesday
2020-2021-W04,2020-2021,4,2020-09-30,Wednesday
2020-2021-W04,2020-2021,4,2020-10-01,Thursday
2020-2021-W04,2020-2021,4,2020-10-02,Friday
2020-2021-W05,2020-2021,5,2020-10-05,Monday
2020-2021-W05,2020-2021,5,2020-10-06,Tuesday
2020-2021-W05,2020-2021,5,2020-10-07,Wednesday
2020-2021-W05,2020-2021,5,2020-10-08,Thursday
2020-2021-W05,2020-2021,5,2020-10-09,Friday
2020-2021-W06,2020-2021,6,2020-10-12,Monday
2020-2021-W06,2020-2021,6,2020-10-13,Tuesday
2020-2021-W06,2020-2021,6,2020-10-14,Wednesday
2020-2021-W06,2020-2021,6,2020-10-15,Thursday
2020-2021-W06,2020-2021,6,2020-10-16,Friday
2020-2021-W07,2020-2021,7,2020-10-19,Monday
2020-2021-W07,2020-2021,7,2020-10-20,Tuesday
2020-2021-W07,2020-2021,7,2020-10-21,Wednesday
2020-2021-W07,2020-2021,7,2020-10-22,Thursday
2020-2021-W07,2020-2021,7,2020-10-23,Friday
2020-2021-W08,2020-2021,8,2020-10-26,Monday
2020-2021-W08,2020-2021,8,2020-10-27,Tuesday
2020-2021-W08,2020-2021,8,2020-10-28,Wednesday
2020-2021-W08,2020-2021,8,2020-10-29,Thursday
2020-2021-W08,2020-2021,8,2020-10-30,Friday
2020-2021-W09,2020-2021,9,2020-11-02,Monday
2020-2021-W09,2020-2021,9,2020-11-03,Tuesday
2020-2021-W09,2020-2021,9,2020-11-04,Wednesday
2020-2021-W09,2020-2021,9,2020-11-05,Thursday
2020-2021-W09,2020-2021,9,2020-11-06,Friday
2020-2021-W10,2020-2021,10,2020-11-09,Monday
2020-2021-W10,2020-2021,10,2020-11-10,Tuesday
2020-2021-W10,2020-2021,10,2020-11-11,Wednesday
2020-2021-W10,2020-2021,10,2020-11-12,Thursday
2020-2021-W10,2020-2021,10,2020-11-13,Friday
2020-2021-W11,2020-2021,11,2020-11-16,Monday
2020-2021-W11,2020-2021,11,2020-11-17,Tuesday
2020-2021-W11,2020-2021,11,2020-11-18,Wednesday
2020-2021-W11,2020-2021,11,2020-11-19,Thursday
2020-2021-W11,2020-2021,11,2020-11-20,Friday
2020-2021-W12,2020-2021,12,2020-11-23,Monday
2020-2021-W12,2020-2021,12,2020-11-24,Tuesday
2020-2021-W12,2020-2021,12,2020-11-25,Wednesday
2020-2021-W12,2020-2021,12,2020-11-26,Thursday
2020-2021-W12,2020-2021,12,2020-11-27,Friday
2020-2021-W13,2020-2021,13,2020-11-30,Monday
2020-2021-W13,2020-2021,13,2020-12-01,Tuesday
2020-2021-W13,2020-2021,13,2020-12-02,Wednesday
2020-2021-W13,2020-2021,13,2020-12-03,Thursday
2020-2021-W13,2020-2021,13,2020-12-04,Friday
2020-2021-W14,2020-2021,14,2020-12-07,Monday
2020-2021-W14,2020-2021,14,2020-12-08,Tuesday
2020-2021-W14,2020-2021,14,2020-12-09,Wednesday
2020-2021-W14,2020-2021,14,2020-12-10,Thursday
2020-2021-W14,2020-2021,14,2020-12-11,Friday
2020-2021-W15,2020-2021,15,2020-12-14,Monday
2020-2021-W15,2020-2021,15,2020-12-15,Tuesday
2020-2021-W15,2020-2021,15,2020-12-16,Wednesday
2020-2021-W15,2020-2021,15,2020-12-17,Thursday
2020-2021-W15,2020-2021,15,2020-12-18,Friday
2020-2021-W16,2020-2021,16,2020-12-21,Monday
2020-2021-W16,2020-2021,16,2020-12-22,Tuesday
2020-2021-W16,2020-2021,16,2020-12-23,Wednesday
2020-2021-W16,2020-2021,16,2020-12-24,Thursday
2020-2021-W16,2020-2021,16,2020-12-25,Friday
2020-2021-W17,2020-2021,17,2020-12-28,Monday
2020-2021-W17,2020-2021,17,2020-12-29,Tuesday
2020-2021-W17,2020-2021,17,2020-12-30,Wednesday
2020-2021-W17,2020-2021,17,2020-12-31,Thursday
2020-2021-W17,2020-2021,17,2021-01-01,Friday
2020-2021-W18,2020-2021,18,2021-01-04,Monday
2020-2021-W18,2020-2021,18,2021-01-05,Tuesday
2020-2021-W18,2020-2021,18,2021-01-06,Wednesday
2020-2021-W18,2020-2021,18,2021-01-07,Thursday
2020-2021-W18,2020-2021,18,2021-01-08,Friday
2020-2021-W19,2020-2021,19,2021-01-11,Monday
2020-2021-W19,2020-2021,19,2021-01-12,Tuesday
2020-2021-W19,2020-2021,19,2021-01-13,Wednesday
2020-2021-W19,2020-2021,19,2021-01-14,Thursday
2020-2021-W19,2020-2021,19,2021-01-15,Friday
2020-2021-W20,2020-2021,20,2021-01-18,Monday
2020-2021-W20,2020-2021,20,2021-01-19,Tuesday
2020-2021-W20,2020-2021,20,2021-01-20,Wednesday
2020-2021-W20,2020-2021,20,2021-01-21,Thursday
2020-2021-W20,2020-2021,20,2021-01-22,Friday
2020-2021-W21,2020-2021,21,2021-01-25,Monday
2020-2021-W21,2020-2021,21,2021-01-26,Tuesday
2020-2021-W21,2020-2021,21,2021-01-27,Wednesday
2020-2021-W21,2020-2021,21,2021-01-28,Thursday
2020-2021-W21,2020-2021,21,2021-01-29,Friday
2020-2021-W22,2020-2021,22,2021-02-01,Monday
2020-2021-W22,2020-2021,22,2021-02-02,Tuesday
2020-2021-W22,2020-2021,22,2021-02-03,Wednesday
2020-2021-W22,2020-2021,22,2021-02-04,Thursday
2020-2021-W22,2020-2021,22,2021-02-05,Friday
2020-2021-W23,2020-2021,23,2021-02-08,Monday
2020-2021-W23,2020-2021,23,2021-02-09,Tuesday
2020-2021-W23,2020-2021,23,2021-02-10,Wednesday
2020-2021-W23,2020-2021,23,2021-02-11,Thursday
2020-2021-W23,2020-2021,23,2021-02-12,Friday
2020-2021-W24,2020-2021,24,2021-02-15,Monday
2020-2021-W24,2020-2021,24,2021-02-16,Tuesday
2020-2021-W24,2020-2021,24,2021-02-17,Wednesday
2020-2021-W24,2020-2021,24,2021-02-18,Thursday
2020-2021-W24,2020-2021,24,2021-02-19,Friday
2020-2021-W25,2020-2021,25,2021-02-22,Monday
2020-2021-W25,2020-2021,25,2021-02-23,Tuesday
2020-2021-W25,2020-2021,25,2021-02-24,Wednesday
2020-2021-W25,2020-2021,25,2021-02-25,Thursday
2020-2021-W25,2020-2021,25,2021-02-26,Friday
2020-2021-W26,2020-2021,26,2021-03-01,Monday
2020-2021-W26,2020-2021,26,2021-03-02,Tuesday
2020-2021-W26,2020-2021,26,2021-03-03,Wednesday
2020-2021-W26,2020-2021,26,2021-03-04,Thursday
2020-2021-W26,2020-2021,26,2021-03-05,Friday
2020-2021-W27,2020-2021,27,2021-03-08,Monday
2020-2021-W27,2020-2021,27,2021-03-09,Tuesday
2020-2021-W27,2020-2021,27,2021-03-10,Wednesday
2020-2021-W27,2020-2021,27,2021-03-11,Thursday
2020-2021-W27,2020-2021,27,2021-03-12,Friday
2020-2021-W28,2020-2021,28,2021-03-15,Monday
2020-2021-W28,2020-2021,28,2021-03-16,Tuesday
2020-2021-W28,2020-2021,28,2021-03-17,Wednesday
2020-2021-W28,2020-2021,28,2021-03-18,Thursday
2020-2021-W28,2020-2021,28,2021-03-19,Friday
2020-2021-W29,2020-2021,29,2021-03-22,Monday
2020-2021-W29,2020-2021,29,2021-03-23,Tuesday
2020-2021-W29,2020-2021,29,2021-03-24,Wednesday
2020-2021-W29,2020-2021,29,2021-03-25,Thursday
2020-2021-W29,2020-2021,29,2021-03-26,Friday
2020-2021-W30,2020-2021,30,2021-03-29,Monday
2020-2021-W30,2020-2021,30,2021-03-30,Tuesday
2020-2021-W30,2020-2021,30,2021-03-31,Wednesday
2020-2021-W30,2020-2021,30,2021-04-01,Thursday
2020-2021-W30,2020-2021,30,2021-04-02,Friday
2020-2021-W31,2020-2021,31,2021-04-05,Monday
2020-2021-W31,2020-2021,31,2021-04-06,Tuesday
2020-2021-W31,2020-2021,31,2021-04-07,Wednesday
2020-2021-W31,2020-2021,31,2021-04-08,Thursday
2020-2021-W31,2020-2021,31,2021-04-09,Friday
2020-2021-W32,2020-2021,32,2021-04-12,Monday
2020-2021-W32,2020-2021,32,2021-04-13,Tuesday
2020-2021-W32,2020-2021,32,2021-04-14,Wednesday
2020-2021-W32,2020-2021,32,2021-04-15,Thursday
2020-2021-W32,2020-2021,32,2021-04-16,Friday
2020-2021-W33,2020-2021,33,2021-04-19,Monday
2020-2021-W33,2020-2021,33,2021-04-20,Tuesday
2020-2021-W33,2020-2021,33,2021-04-21,Wednesday
2020-2021-W33,2020-2021,33,2021-04-22,Thursday
2020-2021-W33,2020-2021,33,2021-04-23,Friday
2020-2021-W34,2020-2021,34,2021-04-26,Monday
2020-2021-W34,2020-2021,34,2021-04-27,Tuesday
2020-2021-W34,2020-2021,34,2021-04-28,Wednesday
2020-2021-W34,2020-2021,34,2021-04-29,Thursday
2020-2021-W34,2020-2021,34,2021-04-30,Friday
2020-2021-W35,2020-2021,35,2021-05-03,Monday
2020-2021-W35,2020-2021,35,2021-05-04,Tuesday
2020-2021-W35,2020-2021,35,2021-05-05,Wednesday
2020-2021-W35,2020-2021,35,2021-05-06,Thursday
2020-2021-W35,2020-2021,35,2021-05-07,Friday
2020-2021-W36,2020-2021,36,2021-05-10,Monday
2020-2021-W36,2020-2021,36,2021-05-11,Tuesday
2020-2021-W36,2020-2021,36,2021-05-12,Wednesday
2020-2021-W36,2020-2021,36,2021-05-13,Thursday
2020-2021-W36,2020-2021,36,2021-05-14,Friday
2020-2021-W37,2020-2021,37,2021-05-17,Monday
2020-2021-W37,2020-2021,37,2021-05-18,Tuesday
2020-2021-W37,2020-2021,37,2021-05-19,Wednesday
2020-2021-W37,2020-2021,37,2021-05-20,Thursday
2020-2021-W37,2020-2021,37,2021-05-21,Friday
2020-2021-W38,2020-2021,38,2021-05-24,Monday
2020-2021-W38,2020-2021,38,2021-05-25,Tuesday
2020-2021-W38,2020-2021,38,2021-05-26,Wednesday
2020-2021-W38,2020-2021,38,2021-05-27,Thursday
2020-2021-W38,2020-2021,38,2021-05-28,Friday
2020-2021-W39,2020-2021,39,2021-05-31,Monday
2020-2021-W39,2020-2021,39,2021-06-01,Tuesday
2020-2021-W39,2020-2021,39,2021-06-02,Wednesday
2020-2021-W39,2020-2021,39,2021-06-03,Thursday
2020-2021-W39,2020-2021,39,2021-06-04,Friday
2021-2022-W01,2021-2022,1,2021-09-06,Monday
2021-2022-W01,2021-2022,1,2021-09-07,Tuesday
2021-2022-W01,2021-2022,1,2021-09-08,Wednesday
2021-2022-W01,2021-2022,1,2021-09-09,Thursday
2021-2022-W01,2021-2022,1,2021-09-10,Friday
2021-2022-W02,2021-2022,2,2021-09-13,Monday
2021-2022-W02,2021-2022,2,2021-09-14,Tuesday
2021-2022-W02,2021-2022,2,2021-09-15,Wednesday
2021-2022-W02,2021-2022,2,2021-09-16,Thursday
2021-2022-W02,2021-2022,2,2021-09-17,Friday
2021-2022-W03,2021-2022,3,2021-09-20,Monday
2021-2022-W03,2021-2022,3,2021-09-21,Tuesday
2021-2022-W03,2021-2022,3,2021-09-22,Wednesday
2021-2022-W03,2021-2022,3,2021-09-23,Thursday
2021-2022-W03,2021-2022,3,2021-09-24,Friday
2021-2022-W04,2021-2022,4,2021-09-27,Monday
2021-2022-W04,2021-2022,4,2021-09-28,Tuesday
2021-2022-W04,2021-2022,4,2021-09-29,Wednesday
2021-2022-W04,2021-2022,4,2021-09-30,Thursday
2021-2022-W04,2021-2022,4,2021-10-01,Friday
2021-2022-W05,2021-2022,5,2021-10-04,Monday
2021-2022-W05,2021-2022,5,2021-10-05,Tuesday
2021-2022-W05,2021-2022,5,2021-10-06,Wednesday
2021-2022-W05,2021-2022,5,2021-10-07,Thursday
2021-2022-W05,2021-2022,5,2021-10-08,Friday
2021-2022-W06,2021-2022,6,2021-10-11,Monday
2021-2022-W06,2021-2022,6,2021-10-12,Tuesday
2021-2022-W06,2021-2022,6,2021-10-13,Wednesday
2021-2022-W06,2021-2022,6,2021-10-14,Thursday
2021-2022-W06,2021-2022,6,2021-10-15,Friday
2021-2022-W07,2021-2022,7,2021-10-18,Monday
2021-2022-W07,2021-2022,7,2021-10-19,Tuesday
2021-2022-W07,2021-2022,7,2021-10-20,Wednesday
2021-2022-W07,2021-2022,7,2021-10-21,Thursday
2021-2022-W07,2021-2022,7,2021-10-22,Friday
2021-2022-W08,2021-2022,8,2021-10-25,Monday
2021-2022-W08,2021-2022,8,2021-10-26,Tuesday
2021-2022-W08,2021-2022,8,2021-10-27,Wednesday
2021-2022-W08,2021-2022,8,2021-10-28,Thursday
2021-2022-W08,2021-2022,8,2021-10-29,Friday
2021-2022-W09,2021-2022,9,2021-11-01,Monday
2021-2022-W09,2021-2022,9,2021-11-02,Tuesday
2021-2022-W09,2021-2022,9,2021-11-03,Wednesday
2021-2022-W09,2021-2022,9,2021-11-04,Thursday
2021-2022-W09,2021-2022,9,2021-11-05,Friday
2021-2022-W10,2021-2022,10,2021-11-08,Monday
2021-2022-W10,2021-2022,10,2021-11-09,Tuesday
2021-2022-W10,2021-2022,10,2021-11-10,Wednesday
2021-2022-W10,2021-2022,10,2021-11-11,Thursday
2021-2022-W10,2021-2022,10,2021-11-12,Friday
2021-2022-W11,2021-2022,11,2021-11-15,Monday
2021-2022-W11,2021-2022,11,2021-11-16,Tuesday
2021-2022-W11,2021-2022,11,2021-11-17,Wednesday
2021-2022-W11,2021-2022,11,2021-11-18,Thursday
2021-2022-W11,2021-2022,11,2021-11-19,Friday
2021-2022-W12,2021-2022,12,2021-11-22,Monday
2021-2022-W12,2021-2022,12,2021-11-23,Tuesday
2021-2022-W12,2021-2022,12,2021-11-24,Wednesday
2021-2022-W12,2021-2022,12,2021-11-25,Thursday
2021-2022-W12,2021-2022,12,2021-11-26,Friday
2021-2022-W13,2021-2022,13,2021-11-29,Monday
2021-2022-W13,2021-2022,13,2021-11-30,Tuesday
2021-2022-W13,2021-2022,13,2021-12-01,Wednesday
2021-2022-W13,2021-2022,13,2021-12-02,Thursday
2021-2022-W13,2021-2022,13,2021-12-03,Friday
2021-2022-W14,2021-2022,14,2021-12-06,Monday
2021-2022-W14,2021-2022,14,2021-12-07,Tuesday
2021-2022-W14,2021-2022,14,2021-12-08,Wednesday
2021-2022-W14,2021-2022,14,2021-12-09,Thursday
2021-2022-W14,2021-2022,14,2021-12-10,Friday
2021-2022-W15,2021-2022,15,2021-12-13,Monday
2021-2022-W15,2021-2022,15,2021-12-14,Tuesday
2021-2022-W15,2021-2022,15,2021-12-15,Wednesday
2021-2022-W15,2021-2022,15,2021-12-16,Thursday
2021-2022-W15,2021-2022,15,2021-12-17,Friday
2021-2022-W16,2021-2022,16,2021-12-20,Monday
2021-2022-W16,2021-2022,16,2021-12-21,Tuesday
2021-2022-W16,2021-2022,16,2021-12-22,Wednesday
2021-2022-W16,2021-2022,16,2021-12-23,Thursday
2021-2022-W16,2021-2022,16,2021-12-24,Friday
2021-2022-W17,2021-2022,17,2021-12-27,Monday
2021-2022-W17,2021-2022,17,2021-12-28,Tuesday
2021-2022-W17,2021-2022,17,2021-12-29,Wednesday
2021-2022-W17,2021-2022,17,2021-12-30,Thursday
2021-2022-W17,2021-2022,17,2021-12-31,Friday
2021-2022-W18,2021-2022,18,2022-01-03,Monday
2021-2022-W18,2021-2022,18,2022-01-04,Tuesday
2021-2022-W18,2021-2022,18,2022-01-05,Wednesday
2021-2022-W18,2021-2022,18,2022-01-06,Thursday
2021-2022-W18,2021-2022,18,2022-01-07,Friday
2021-2022-W19,2021-2022,19,2022-01-10,Monday
2021-2022-W19,2021-2022,19,2022-01-11,Tuesday
2021-2022-W19,2021-2022,19,2022-01-12,Wednesday
2021-2022-W19,2021-2022,19,2022-01-13,Thursday
2021-2022-W19,2021-2022,19,2022-01-14,Friday
2021-2022-W20,2021-2022,20,2022-01-17,Monday
2021-2022-W20,2021-2022,20,2022-01-18,Tuesday
2021-2022-W20,2021-2022,20,2022-01-19,Wednesday
2021-2022-W20,2021-2022,20,2022-01-20,Thursday
2021-2022-W20,2021-2022,20,2022-01-21,Friday
2021-2022-W21,2021-2022,21,2022-01-24,Monday
2021-2022-W21,2021-2022,21,2022-01-25,Tuesday
2021-2022-W21,2021-2022,21,2022-01-26,Wednesday
2021-2022-W21,2021-2022,21,2022-01-27,Thursday
2021-2022-W21,2021-2022,21,2022-01-28,Friday
2021-2022-W22,2021-2022,22,2022-01-31,Monday
2021-2022-W22,2021-2022,22,2022-02-01,Tuesday
2021-2022-W22,2021-2022,22,2022-02-02,Wednesday
2021-2022-W22,2021-2022,22,2022-02-03,Thursday
2021-2022-W22,2021-2022,22,2022-02-04,Friday
2021-2022-W23,2021-2022,23,2022-02-07,Monday
2021-2022-W23,2021-2022,23,2022-02-08,Tuesday
2021-2022-W23,2021-2022,23,2022-02-09,Wednesday
2021-2022-W23,2021-2022,23,2022-02-10,Thursday
2021-2022-W23,2021-2022,23,2022-02-11,Friday
2021-2022-W24,2021-2022,24,2022-02-14,Monday
2021-2022-W24,2021-2022,24,2022-02-15,Tuesday
2021-2022-W24,2021-2022,24,2022-02-16,Wednesday
2021-2022-W24,2021-2022,24,2022-02-17,Thursday
2021-2022-W24,2021-2022,24,2022-02-18,Friday
2021-2022-W25,2021-2022,25,2022-02-21,Monday
2021-2022-W25,2021-2022,25,2022-02-22,Tuesday
2021-2022-W25,2021-2022,25,2022-02-23,Wednesday
2021-2022-W25,2021-2022,25,2022-02-24,Thursday
2021-2022-W25,2021-2022,25,2022-02-25,Friday
2021-2022-W26,2021-2022,26,2022-02-28,Monday
2021-2022-W26,2021-2022,26,2022-03-01,Tuesday
2021-2022-W26,2021-2022,26,2022-03-02,Wednesday
2021-2022-W26,2021-2022,26,2022-03-03,Thursday
2021-2022-W26,2021-2022,26,2022-03-04,Friday
2021-2022-W27,2021-2022,27,2022-03-07,Monday
2021-2022-W27,2021-2022,27,2022-03-08,Tuesday
2021-2022-W27,2021-2022,27,2022-03-09,Wednesday
2021-2022-W27,2021-2022,27,2022-03-10,Thursday
2021-2022-W27,2021-2022,27,2022-03-11,Friday
2021-2022-W28,2021-2022,28,2022-03-14,Monday
2021-2022-W28,2021-2022,28,2022-03-15,Tuesday
2021-2022-W28,2021-2022,28,2022-03-16,Wednesday
2021-2022-W28,2021-2022,28,2022-03-17,Thursday
2021-2022-W28,2021-2022,28,2022-03-18,Friday
2021-2022-W29,2021-2022,29,2022-03-21,Monday
2021-2022-W29,2021-2022,29,2022-03-22,Tuesday
2021-2022-W29,2021-2022,29,2022-03-23,Wednesday
2021-2022-W29,2021-2022,29,2022-03-24,Thursday
2021-2022-W29,2021-2022,29,2022-03-25,Friday
2021-2022-W30,2021-2022,30,2022-03-28,Monday
2021-2022-W30,2021-2022,30,2022-03-29,Tuesday
2021-2022-W30,2021-2022,30,2022-03-30,Wednesday
2021-2022-W30,2021-2022,30,2022-03-31,Thursday
2021-2022-W30,2021-2022,30,2022-04-01,Friday
2021-2022-W31,2021-2022,31,2022-04-04,Monday
2021-2022-W31,2021-2022,31,2022-04-05,Tuesday
2021-2022-W31,2021-2022,31,2022-04-06,Wednesday
2021-2022-W31,2021-2022,31,2022-04-07,Thursday
2021-2022-W31,2021-2022,31,2022-04-08,Friday
2021-2022-W32,2021-2022,32,2022-04-11,Monday
2021-2022-W32,2021-2022,32,2022-04-12,Tuesday
2021-2022-W32,2021-2022,32,2022-04-13,Wednesday
2021-2022-W32,2021-2022,32,2022-04-14,Thursday
2021-2022-W32,2021-2022,32,2022-04-15,Friday
2021-2022-W33,2021-2022,33,2022-04-18,Monday
2021-2022-W33,2021-2022,33,2022-04-19,Tuesday
2021-2022-W33,2021-2022,33,2022-04-20,Wednesday
2021-2022-W33,2021-2022,33,2022-04-21,Thursday
2021-2022-W33,2021-2022,33,2022-04-22,Friday
2021-2022-W34,2021-2022,34,2022-04-25,Monday
2021-2022-W34,2021-2022,34,2022-04-26,Tuesday
2021-2022-W34,2021-2022,34,2022-04-27,Wednesday
2021-2022-W34,2021-2022,34,2022-04-28,Thursday
2021-2022-W34,2021-2022,34,2022-04-29,Friday
2021-2022-W35,2021-2022,35,2022-05-02,Monday
2021-2022-W35,2021-2022,35,2022-05-03,Tuesday
2021-2022-W35,2021-2022,35,2022-05-04,Wednesday
2021-2022-W35,2021-2022,35,2022-05-05,Thursday
2021-2022-W35,2021-2022,35,2022-05-06,Friday
2021-2022-W36,2021-2022,36,2022-05-09,Monday
2021-2022-W36,2021-2022,36,2022-05-10,Tuesday
2021-2022-W36,2021-2022,36,2022-05-11,Wednesday
2021-2022-W36,2021-2022,36,2022-05-12,Thursday
2021-2022-W36,2021-2022,36,2022-05-13,Friday
2021-2022-W37,2021-2022,37,2022-05-16,Monday
2021-2022-W37,2021-2022,37,2022-05-17,Tuesday
2021-2022-W37,2021-2022,37,2022-05-18,Wednesday
2021-2022-W37,2021-2022,37,2022-05-19,Thursday
2021-2022-W37,2021-2022,37,2022-05-20,Friday
2021-2022-W38,2021-2022,38,2022-05-23,Monday
2021-2022-W38,2021-2022,38,2022-05-24,Tuesday
2021-2022-W38,2021-2022,38,2022-05-25,Wednesday
2021-2022-W38,2021-2022,38,2022-05-26,Thursday
2021-2022-W38,2021-2022,38,2022-05-27,Friday
2021-2022-W39,2021-2022,39,2022-05-30,Monday
2021-2022-W39,2021-2022,39,2022-05-31,Tuesday
2021-2022-W39,2021-2022,39,2022-06-01,Wednesday
2021-2022-W39,2021-2022,39,2022-06-02,Thursday
2021-2022-W39,2021-2022,39,2022-06-03,Friday
2022-2023-W01,2022-2023,1,2022-09-05,Monday
2022-2023-W01,2022-2023,1,2022-09-06,Tuesday
2022-2023-W01,2022-2023,1,2022-09-07,Wednesday
2022-2023-W01,2022-2023,1,2022-09-08,Thursday
2022-2023-W01,2022-2023,1,2022-09-09,Friday
2022-2023-W02,2022-2023,2,2022-09-12,Monday
2022-2023-W02,2022-2023,2,2022-09-13,Tuesday
2022-2023-W02,2022-2023,2,2022-09-14,Wednesday
2022-2023-W02,2022-2023,2,2022-09-15,Thursday
2022-2023-W02,2022-2023,2,2022-09-16,Friday
2022-2023-W03,2022-2023,3,2022-09-19,Monday
2022-2023-W03,2022-2023,3,2022-09-20,Tuesday
2022-2023-W03,2022-2023,3,2022-09-21,Wednesday
2022-2023-W03,2022-2023,3,2022-09-22,Thursday
2022-2023-W03,2022-2023,3,2022-09-23,Friday
2022-2023-W04,2022-2023,4,2022-09-26,Monday
2022-2023-W04,2022-2023,4,2022-09-27,Tuesday
2022-2023-W04,2022-2023,4,2022-09-28,Wednesday
2022-2023-W04,2022-2023,4,2022-09-29,Thursday
2022-2023-W04,2022-2023,4,2022-09-30,Friday
2022-2023-W05,2022-2023,5,2022-10-03,Monday
2022-2023-W05,2022-2023,5,2022-10-04,Tuesday
2022-2023-W05,2022-2023,5,2022-10-05,Wednesday
2022-2023-W05,2022-2023,5,2022-10-06,Thursday
2022-2023-W05,2022-2023,5,2022-10-07,Friday
2022-2023-W06,2022-2023,6,2022-10-10,Monday
2022-2023-W06,2022-2023,6,2022-10-11,Tuesday
2022-2023-W06,2022-2023,6,2022-10-12,Wednesday
2022-2023-W06,2022-2023,6,2022-10-13,Thursday
2022-2023-W06,2022-2023,6,2022-10-14,Friday
2022-2023-W07,2022-2023,7,2022-10-17,Monday
2022-2023-W07,2022-2023,7,2022-10-18,Tuesday
2022-2023-W07,2022-2023,7,2022-10-19,Wednesday
2022-2023-W07,2022-2023,7,2022-10-20,Thursday
2022-2023-W07,2022-2023,7,2022-10-21,Friday
2022-2023-W08,2022-2023,8,2022-10-24,Monday
2022-2023-W08,2022-2023,8,2022-10-25,Tuesday
2022-2023-W08,2022-2023,8,2022-10-26,Wednesday
2022-2023-W08,2022-2023,8,2022-10-27,Thursday
2022-2023-W08,2022-2023,8,2022-10-28,Friday
2022-2023-W09,2022-2023,9,2022-10-31,Monday
2022-2023-W09,2022-2023,9,2022-11-01,Tuesday
2022-2023-W09,2022-2023,9,2022-11-02,Wednesday
2022-2023-W09,2022-2023,9,2022-11-03,Thursday
2022-2023-W09,2022-2023,9,2022-11-04,Friday
2022-2023-W10,2022-2023,10,2022-11-07,Monday
2022-2023-W10,2022-2023,10,2022-11-08,Tuesday
2022-2023-W10,2022-2023,10,2022-11-09,Wednesday
2022-2023-W10,2022-2023,10,2022-11-10,Thursday
2022-2023-W10,2022-2023,10,2022-11-11,Friday
2022-2023-W11,2022-2023,11,2022-11-14,Monday
2022-2023-W11,2022-2023,11,2022-11-15,Tuesday
2022-2023-W11,2022-2023,11,2022-11-16,Wednesday
2022-2023-W11,2022-2023,11,2022-11-17,Thursday
2022-2023-W11,2022-2023,11,2022-11-18,Friday
2022-2023-W12,2022-2023,12,2022-11-21,Monday
2022-2023-W12,2022-2023,12,2022-11-22,Tuesday
2022-2023-W12,2022-2023,12,2022-11-23,Wednesday
2022-2023-W12,2022-2023,12,2022-11-24,Thursday
2022-2023-W12,2022-2023,12,2022-11-25,Friday
2022-2023-W13,2022-2023,13,2022-11-28,Monday
2022-2023-W13,2022-2023,13,2022-11-29,Tuesday
2022-2023-W13,2022-2023,13,2022-11-30,Wednesday
2022-2023-W13,2022-2023,13,2022-12-01,Thursday
2022-2023-W13,2022-2023,13,2022-12-02,Friday
2022-2023-W14,2022-2023,14,2022-12-05,Monday
2022-2023-W14,2022-2023,14,2022-12-06,Tuesday
2022-2023-W14,2022-2023,14,2022-12-07,Wednesday
2022-2023-W14,2022-2023,14,2022-12-08,Thursday
2022-2023-W14,2022-2023,14,2022-12-09,Friday
2022-2023-W15,2022-2023,15,2022-12-12,Monday
2022-2023-W15,2022-2023,15,2022-12-13,Tuesday
2022-2023-W15,2022-2023,15,2022-12-14,Wednesday
2022-2023-W15,2022-2023,15,2022-12-15,Thursday
2022-2023-W15,2022-2023,15,2022-12-16,Friday
2022-2023-W16,2022-2023,16,2022-12-19,Monday
2022-2023-W16,2022-2023,16,2022-12-20,Tuesday
2022-2023-W16,2022-2023,16,2022-12-21,Wednesday
2022-2023-W16,2022-2023,16,2022-12-22,Thursday
2022-2023-W16,2022-2023,16,2022-12-23,Friday
2022-2023-W17,2022-2023,17,2022-12-26,Monday
2022-2023-W17,2022-2023,17,2022-12-27,Tuesday
2022-2023-W17,2022-2023,17,2022-12-28,Wednesday
2022-2023-W17,2022-2023,17,2022-12-29,Thursday
2022-2023-W17,2022-2023,17,2022-12-30,Friday
2022-2023-W18,2022-2023,18,2023-01-02,Monday
2022-2023-W18,2022-2023,18,2023-01-03,Tuesday
2022-2023-W18,2022-2023,18,2023-01-04,Wednesday
2022-2023-W18,2022-2023,18,2023-01-05,Thursday
2022-2023-W18,2022-2023,18,2023-01-06,Friday
2022-2023-W19,2022-2023,19,2023-01-09,Monday
2022-2023-W19,2022-2023,19,2023-01-10,Tuesday
2022-2023-W19,2022-2023,19,2023-01-11,Wednesday
2022-2023-W19,2022-2023,19,2023-01-12,Thursday
2022-2023-W19,2022-2023,19,2023-01-13,Friday
2022-2023-W20,2022-2023,20,2023-01-16,Monday
2022-2023-W20,2022-2023,20,2023-01-17,Tuesday
2022-2023-W20,2022-2023,20,2023-01-18,Wednesday
2022-2023-W20,2022-2023,20,2023-01-19,Thursday
2022-2023-W20,2022-2023,20,2023-01-20,Friday
2022-2023-W21,2022-2023,21,2023-01-23,Monday
2022-2023-W21,2022-2023,21,2023-01-24,Tuesday
2022-2023-W21,2022-2023,21,2023-01-25,Wednesday
2022-2023-W21,2022-2023,21,2023-01-26,Thursday
2022-2023-W21,2022-2023,21,2023-01-27,Friday
2022-2023-W22,2022-2023,22,2023-01-30,Monday
2022-2023-W22,2022-2023,22,2023-01-31,Tuesday
2022-2023-W22,2022-2023,22,2023-02-01,Wednesday
2022-2023-W22,2022-2023,22,2023-02-02,Thursday
2022-2023-W22,2022-2023,22,2023-02-03,Friday
2022-2023-W23,2022-2023,23,2023-02-06,Monday
2022-2023-W23,2022-2023,23,2023-02-07,Tuesday
2022-2023-W23,2022-2023,23,2023-02-08,Wednesday
2022-2023-W23,2022-2023,23,2023-02-09,Thursday
2022-2023-W23,2022-2023,23,2023-02-10,Friday
2022-2023-W24,2022-2023,24,2023-02-13,Monday
2022-2023-W24,2022-2023,24,2023-02-14,Tuesday
2022-2023-W24,2022-2023,24,2023-02-15,Wednesday
2022-2023-W24,2022-2023,24,2023-02-16,Thursday
2022-2023-W24,2022-2023,24,2023-02-17,Friday
2022-2023-W25,2022-2023,25,2023-02-20,Monday
2022-2023-W25,2022-2023,25,2023-02-21,Tuesday
2022-2023-W25,2022-2023,25,2023-02-22,Wednesday
2022-2023-W25,2022-2023,25,2023-02-23,Thursday
2022-2023-W25,2022-2023,25,2023-02-24,Friday
2022-2023-W26,2022-2023,26,2023-02-27,Monday
2022-2023-W26,2022-2023,26,2023-02-28,Tuesday
2022-2023-W26,2022-2023,26,2023-03-01,Wednesday
2022-2023-W26,2022-2023,26,2023-03-02,Thursday
2022-2023-W26,2022-2023,26,2023-03-03,Friday
2022-2023-W27,2022-2023,27,2023-03-06,Monday
2022-2023-W27,2022-2023,27,2023-03-07,Tuesday
2022-2023-W27,2022-2023,27,2023-03-08,Wednesday
2022-2023-W27,2022-2023,27,2023-03-09,Thursday
2022-2023-W27,2022-2023,27,2023-03-10,Friday
2022-2023-W28,2022-2023,28,2023-03-13,Monday
2022-2023-W28,2022-2023,28,2023-03-14,Tuesday
2022-2023-W28,2022-2023,28,2023-03-15,Wednesday
2022-2023-W28,2022-2023,28,2023-03-16,Thursday
2022-2023-W28,2022-2023,28,2023-03-17,Friday
2022-2023-W29,2022-2023,29,2023-03-20,Monday
2022-2023-W29,2022-2023,29,2023-03-21,Tuesday
2022-2023-W29,2022-2023,29,2023-03-22,Wednesday
2022-2023-W29,2022-2023,29,2023-03-23,Thursday
2022-2023-W29,2022-2023,29,2023-03-24,Friday
2022-2023-W30,2022-2023,30,2023-03-27,Monday
2022-2023-W30,2022-2023,30,2023-03-28,Tuesday
2022-2023-W30,2022-2023,30,2023-03-29,Wednesday
2022-2023-W30,2022-2023,30,2023-03-30,Thursday
2022-2023-W30,2022-2023,30,2023-03-31,Friday
2022-2023-W31,2022-2023,31,2023-04-03,Monday
2022-2023-W31,2022-2023,31,2023-04-04,Tuesday
2022-2023-W31,2022-2023,31,2023-04-05,Wednesday
2022-2023-W31,2022-2023,31,2023-04-06,Thursday
2022-2023-W31,2022-2023,31,2023-04-07,Friday
2022-2023-W32,2022-2023,32,2023-04-10,Monday
2022-2023-W32,2022-2023,32,2023-04-11,Tuesday
2022-2023-W32,2022-2023,32,2023-04-12,Wednesday
2022-2023-W32,2022-2023,32,2023-04-13,Thursday
2022-2023-W32,2022-2023,32,2023-04-14,Friday
2022-2023-W33,2022-2023,33,2023-04-17,Monday
2022-2023-W33,2022-2023,33,2023-04-18,Tuesday
2022-2023-W33,2022-2023,33,2023-04-19,Wednesday
2022-2023-W33,2022-2023,33,2023-04-20,Thursday
2022-2023-W33,2022-2023,33,2023-04-21,Friday
2022-2023-W34,2022-2023,34,2023-04-24,Monday
2022-2023-W34,2022-2023,34,2023-04-25,Tuesday
2022-2023-W34,2022-2023,34,2023-04-26,Wednesday
2022-2023-W34,2022-2023,34,2023-04-27,Thursday
2022-2023-W34,2022-2023,34,2023-04-28,Friday
2022-2023-W35,2022-2023,35,2023-05-01,Monday
2022-2023-W35,2022-2023,35,2023-05-02,Tuesday
2022-2023-W35,2022-2023,35,2023-05-03,Wednesday
2022-2023-W35,2022-2023,35,2023-05-04,Thursday
2022-2023-W35,2022-2023,35,2023-05-05,Friday
2022-2023-W36,2022-2023,36,2023-05-08,Monday
2022-2023-W36,2022-2023,36,2023-05-09,Tuesday
2022-2023-W36,2022-2023,36,2023-05-10,Wednesday
2022-2023-W36,2022-2023,36,2023-05-11,Thursday
2022-2023-W36,2022-2023,36,2023-05-12,Friday
2022-2023-W37,2022-2023,37,2023-05-15,Monday
2022-2023-W37,2022-2023,37,2023-05-16,Tuesday
2022-2023-W37,2022-2023,37,2023-05-17,Wednesday
2022-2023-W37,2022-2023,37,2023-05-18,Thursday
2022-2023-W37,2022-2023,37,2023-05-19,Friday
2022-2023-W38,2022-2023,38,2023-05-22,Monday
2022-2023-W38,2022-2023,38,2023-05-23,Tuesday
2022-2023-W38,2022-2023,38,2023-05-24,Wednesday
2022-2023-W38,2022-2023,38,2023-05-25,Thursday
2022-2023-W38,2022-2023,38,2023-05-26,Friday
2022-2023-W39,2022-2023,39,2023-05-29,Monday
2022-2023-W39,2022-2023,39,2023-05-30,Tuesday
2022-2023-W39,2022-2023,39,2023-05-31,Wednesday
2022-2023-W39,2022-2023,39,2023-06-01,Thursday
2022-2023-W39,2022-2023,39,2023-06-02,Friday
2023-2024-W01,2023-2024,1,2023-09-04,Monday
2023-2024-W01,2023-2024,1,2023-09-05,Tuesday
2023-2024-W01,2023-2024,1,2023-09-06,Wednesday
2023-2024-W01,2023-2024,1,2023-09-07,Thursday
2023-2024-W01,2023-2024,1,2023-09-08,Friday
2023-2024-W02,2023-2024,2,2023-09-11,Monday
2023-2024-W02,2023-2024,2,2023-09-12,Tuesday
2023-2024-W02,2023-2024,2,2023-09-13,Wednesday
2023-2024-W02,2023-2024,2,2023-09-14,Thursday
2023-2024-W02,2023-2024,2,2023-09-15,Friday
2023-2024-W03,2023-2024,3,2023-09-18,Monday
2023-2024-W03,2023-2024,3,2023-09-19,Tuesday
2023-2024-W03,2023-2024,3,2023-09-20,Wednesday
2023-2024-W03,2023-2024,3,2023-09-21,Thursday
2023-2024-W03,2023-2024,3,2023-09-22,Friday
2023-2024-W04,2023-2024,4,2023-09-25,Monday
2023-2024-W04,2023-2024,4,2023-09-26,Tuesday
2023-2024-W04,2023-2024,4,2023-09-27,Wednesday
2023-2024-W04,2023-2024,4,2023-09-28,Thursday
2023-2024-W04,2023-2024,4,2023-09-29,Friday
2023-2024-W05,2023-2024,5,2023-10-02,Monday
2023-2024-W05,2023-2024,5,2023-10-03,Tuesday
2023-2024-W05,2023-2024,5,2023-10-04,Wednesday
2023-2024-W05,2023-2024,5,2023-10-05,Thursday
2023-2024-W05,2023-2024,5,2023-10-06,Friday
2023-2024-W06,2023-2024,6,2023-10-09,Monday
2023-2024-W06,2023-2024,6,2023-10-10,Tuesday
2023-2024-W06,2023-2024,6,2023-10-11,Wednesday
2023-2024-W06,2023-2024,6,2023-10-12,Thursday
2023-2024-W06,2023-2024,6,2023-10-13,Friday
2023-2024-W07,2023-2024,7,2023-10-16,Monday
2023-2024-W07,2023-2024,7,2023-10-17,Tuesday
2023-2024-W07,2023-2024,7,2023-10-18,Wednesday
2023-2024-W07,2023-2024,7,2023-10-19,Thursday
2023-2024-W07,2023-2024,7,2023-10-20,Friday
2023-2024-W08,2023-2024,8,2023-10-23,Monday
2023-2024-W08,2023-2024,8,2023-10-24,Tuesday
2023-2024-W08,2023-2024,8,2023-10-25,Wednesday
2023-2024-W08,2023-2024,8,2023-10-26,Thursday
2023-2024-W08,2023-2024,8,2023-10-27,Friday
2023-2024-W09,2023-2024,9,2023-10-30,Monday
2023-2024-W09,2023-2024,9,2023-10-31,Tuesday
2023-2024-W09,2023-2024,9,2023-11-01,Wednesday
2023-2024-W09,2023-2024,9,2023-11-02,Thursday
2023-2024-W09,2023-2024,9,2023-11-03,Friday
2023-2024-W10,2023-2024,10,2023-11-06,Monday
2023-2024-W10,2023-2024,10,2023-11-07,Tuesday
2023-2024-W10,2023-2024,10,2023-11-08,Wednesday
2023-2024-W10,2023-2024,10,2023-11-09,Thursday
2023-2024-W10,2023-2024,10,2023-11-10,Friday
2023-2024-W11,2023-2024,11,2023-11-13,Monday
2023-2024-W11,2023-2024,11,2023-11-14,Tuesday
2023-2024-W11,2023-2024,11,2023-11-15,Wednesday
2023-2024-W11,2023-2024,11,2023-11-16,Thursday
2023-2024-W11,2023-2024,11,2023-11-17,Friday
2023-2024-W12,2023-2024,12,2023-11-20,Monday
2023-2024-W12,2023-2024,12,2023-11-21,Tuesday
2023-2024-W12,2023-2024,12,2023-11-22,Wednesday
2023-2024-W12,2023-2024,12,2023-11-23,Thursday
2023-2024-W12,2023-2024,12,2023-11-24,Friday
2023-2024-W13,2023-2024,13,2023-11-27,Monday
2023-2024-W13,2023-2024,13,2023-11-28,Tuesday
2023-2024-W13,2023-2024,13,2023-11-29,Wednesday
2023-2024-W13,2023-2024,13,2023-11-30,Thursday
2023-2024-W13,2023-2024,13,2023-12-01,Friday
2023-2024-W14,2023-2024,14,2023-12-04,Monday
2023-2024-W14,2023-2024,14,2023-12-05,Tuesday
2023-2024-W14,2023-2024,14,2023-12-06,Wednesday
2023-2024-W14,2023-2024,14,2023-12-07,Thursday
2023-2024-W14,2023-2024,14,2023-12-08,Friday
2023-2024-W15,2023-2024,15,2023-12-11,Monday
2023-2024-W15,2023-2024,15,2023-12-12,Tuesday
2023-2024-W15,2023-2024,15,2023-12-13,Wednesday
2023-2024-W15,2023-2024,15,2023-12-14,Thursday
2023-2024-W15,2023-2024,15,2023-12-15,Friday
2023-2024-W16,2023-2024,16,2023-12-18,Monday
2023-2024-W16,2023-2024,16,2023-12-19,Tuesday
2023-2024-W16,2023-2024,16,2023-12-20,Wednesday
2023-2024-W16,2023-2024,16,2023-12-21,Thursday
2023-2024-W16,2023-2024,16,2023-12-22,Friday
2023-2024-W17,2023-2024,17,2023-12-25,Monday
2023-2024-W17,2023-2024,17,2023-12-26,Tuesday
2023-2024-W17,2023-2024,17,2023-12-27,Wednesday
2023-2024-W17,2023-2024,17,2023-12-28,Thursday
2023-2024-W17,2023-2024,17,2023-12-29,Friday
2023-2024-W18,2023-2024,18,2024-01-01,Monday
2023-2024-W18,2023-2024,18,2024-01-02,Tuesday
2023-2024-W18,2023-2024,18,2024-01-03,Wednesday
2023-2024-W18,2023-2024,18,2024-01-04,Thursday
2023-2024-W18,2023-2024,18,2024-01-05,Friday
2023-2024-W19,2023-2024,19,2024-01-08,Monday
2023-2024-W19,2023-2024,19,2024-01-09,Tuesday
2023-2024-W19,2023-2024,19,2024-01-10,Wednesday
2023-2024-W19,2023-2024,19,2024-01-11,Thursday
2023-2024-W19,2023-2024,19,2024-01-12,Friday
2023-2024-W20,2023-2024,20,2024-01-15,Monday
2023-2024-W20,2023-2024,20,2024-01-16,Tuesday
2023-2024-W20,2023-2024,20,2024-01-17,Wednesday
2023-2024-W20,2023-2024,20,2024-01-18,Thursday
2023-2024-W20,2023-2024,20,2024-01-19,Friday
2023-2024-W21,2023-2024,21,2024-01-22,Monday
2023-2024-W21,2023-2024,21,2024-01-23,Tuesday
2023-2024-W21,2023-2024,21,2024-01-24,Wednesday
2023-2024-W21,2023-2024,21,2024-01-25,Thursday
2023-2024-W21,2023-2024,21,2024-01-26,Friday
2023-2024-W22,2023-2024,22,2024-01-29,Monday
2023-2024-W22,2023-2024,22,2024-01-30,Tuesday
2023-2024-W22,2023-2024,22,2024-01-31,Wednesday
2023-2024-W22,2023-2024,22,2024-02-01,Thursday
2023-2024-W22,2023-2024,22,2024-02-02,Friday
2023-2024-W23,2023-2024,23,2024-02-05,Monday
2023-2024-W23,2023-2024,23,2024-02-06,Tuesday
2023-2024-W23,2023-2024,23,2024-02-07,Wednesday
2023-2024-W23,2023-2024,23,2024-02-08,Thursday
2023-2024-W23,2023-2024,23,2024-02-09,Friday
2023-2024-W24,2023-2024,24,2024-02-12,Monday
2023-2024-W24,2023-2024,24,2024-02-13,Tuesday
2023-2024-W24,2023-2024,24,2024-02-14,Wednesday
2023-2024-W24,2023-2024,24,2024-02-15,Thursday
2023-2024-W24,2023-2024,24,2024-02-16,Friday
2023-2024-W25,2023-2024,25,2024-02-19,Monday
2023-2024-W25,2023-2024,25,2024-02-20,Tuesday
2023-2024-W25,2023-2024,25,2024-02-21,Wednesday
2023-2024-W25,2023-2024,25,2024-02-22,Thursday
2023-2024-W25,2023-2024,25,2024-02-23,Friday
2023-2024-W26,2023-2024,26,2024-02-26,Monday
2023-2024-W26,2023-2024,26,2024-02-27,Tuesday
2023-2024-W26,2023-2024,26,2024-02-28,Wednesday
2023-2024-W26,2023-2024,26,2024-02-29,Thursday
2023-2024-W26,2023-2024,26,2024-03-01,Friday
2023-2024-W27,2023-2024,27,2024-03-04,Monday
2023-2024-W27,2023-2024,27,2024-03-05,Tuesday
2023-2024-W27,2023-2024,27,2024-03-06,Wednesday
2023-2024-W27,2023-2024,27,2024-03-07,Thursday
2023-2024-W27,2023-2024,27,2024-03-08,Friday
2023-2024-W28,2023-2024,28,2024-03-11,Monday
2023-2024-W28,2023-2024,28,2024-03-12,Tuesday
2023-2024-W28,2023-2024,28,2024-03-13,Wednesday
2023-2024-W28,2023-2024,28,2024-03-14,Thursday
2023-2024-W28,2023-2024,28,2024-03-15,Friday
2023-2024-W29,2023-2024,29,2024-03-18,Monday
2023-2024-W29,2023-2024,29,2024-03-19,Tuesday
2023-2024-W29,2023-2024,29,2024-03-20,Wednesday
2023-2024-W29,2023-2024,29,2024-03-21,Thursday
2023-2024-W29,2023-2024,29,2024-03-22,Friday
2023-2024-W30,2023-2024,30,2024-03-25,Monday
2023-2024-W30,2023-2024,30,2024-03-26,Tuesday
2023-2024-W30,2023-2024,30,2024-03-27,Wednesday
2023-2024-W30,2023-2024,30,2024-03-28,Thursday
2023-2024-W30,2023-2024,30,2024-03-29,Friday
2023-2024-W31,2023-2024,31,2024-04-01,Monday
2023-2024-W31,2023-2024,31,2024-04-02,Tuesday
2023-2024-W31,2023-2024,31,2024-04-03,Wednesday
2023-2024-W31,2023-2024,31,2024-04-04,Thursday
2023-2024-W31,2023-2024,31,2024-04-05,Friday
2023-2024-W32,2023-2024,32,2024-04-08,Monday
2023-2024-W32,2023-2024,32,2024-04-09,Tuesday
2023-2024-W32,2023-2024,32,2024-04-10,Wednesday
2023-2024-W32,2023-2024,32,2024-04-11,Thursday
2023-2024-W32,2023-2024,32,2024-04-12,Friday
2023-2024-W33,2023-2024,33,2024-04-15,Monday
2023-2024-W33,2023-2024,33,2024-04-16,Tuesday
2023-2024-W33,2023-2024,33,2024-04-17,Wednesday
2023-2024-W33,2023-2024,33,2024-04-18,Thursday
2023-2024-W33,2023-2024,33,2024-04-19,Friday
2023-2024-W34,2023-2024,34,2024-04-22,Monday
2023-2024-W34,2023-2024,34,2024-04-23,Tuesday
2023-2024-W34,2023-2024,34,2024-04-24,Wednesday
2023-2024-W34,2023-2024,34,2024-04-25,Thursday
2023-2024-W34,2023-2024,34,2024-04-26,Friday
2023-2024-W35,2023-2024,35,2024-04-29,Monday
2023-2024-W35,2023-2024,35,2024-04-30,Tuesday
2023-2024-W35,2023-2024,35,2024-05-01,Wednesday
2023-2024-W35,2023-2024,35,2024-05-02,Thursday
2023-2024-W35,2023-2024,35,2024-05-03,Friday
2023-2024-W36,2023-2024,36,2024-05-06,Monday
2023-2024-W36,2023-2024,36,2024-05-07,Tuesday
2023-2024-W36,2023-2024,36,2024-05-08,Wednesday
2023-2024-W36,2023-2024,36,2024-05-09,Thursday
2023-2024-W36,2023-2024,36,2024-05-10,Friday
2023-2024-W37,2023-2024,37,2024-05-13,Monday
2023-2024-W37,2023-2024,37,2024-05-14,Tuesday
2023-2024-W37,2023-2024,37,2024-05-15,Wednesday
2023-2024-W37,2023-2024,37,2024-05-16,Thursday
2023-2024-W37,2023-2024,37,2024-05-17,Friday
2023-2024-W38,2023-2024,38,2024-05-20,Monday
2023-2024-W38,2023-2024,38,2024-05-21,Tuesday
2023-2024-W38,2023-2024,38,2024-05-22,Wednesday
2023-2024-W38,2023-2024,38,2024-05-23,Thursday
2023-2024-W38,2023-2024,38,2024-05-24,Friday
2023-2024-W39,2023-2024,39,2024-05-27,Monday
2023-2024-W39,2023-2024,39,2024-05-28,Tuesday
2023-2024-W39,2023-2024,39,2024-05-29,Wednesday
2023-2024-W39,2023-2024,39,2024-05-30,Thursday
2023-2024-W39,2023-2024,39,2024-05-31,Friday
2024-2025-W01,2024-2025,1,2024-09-02,Monday
2024-2025-W01,2024-2025,1,2024-09-03,Tuesday
2024-2025-W01,2024-2025,1,2024-09-04,Wednesday
2024-2025-W01,2024-2025,1,2024-09-05,Thursday
2024-2025-W01,2024-2025,1,2024-09-06,Friday
2024-2025-W02,2024-2025,2,2024-09-09,Monday
2024-2025-W02,2024-2025,2,2024-09-10,Tuesday
2024-2025-W02,2024-2025,2,2024-09-11,Wednesday
2024-2025-W02,2024-2025,2,2024-09-12,Thursday
2024-2025-W02,2024-2025,2,2024-09-13,Friday
2024-2025-W03,2024-2025,3,2024-09-16,Monday
2024-2025-W03,2024-2025,3,2024-09-17,Tuesday
2024-2025-W03,2024-2025,3,2024-09-18,Wednesday
2024-2025-W03,2024-2025,3,2024-09-19,Thursday
2024-2025-W03,2024-2025,3,2024-09-20,Friday
2024-2025-W04,2024-2025,4,2024-09-23,Monday
2024-2025-W04,2024-2025,4,2024-09-24,Tuesday
2024-2025-W04,2024-2025,4,2024-09-25,Wednesday
2024-2025-W04,2024-2025,4,2024-09-26,Thursday
2024-2025-W04,2024-2025,4,2024-09-27,Friday
2024-2025-W05,2024-2025,5,2024-09-30,Monday
2024-2025-W05,2024-2025,5,2024-10-01,Tuesday
2024-2025-W05,2024-2025,5,2024-10-02,Wednesday
2024-2025-W05,2024-2025,5,2024-10-03,Thursday
2024-2025-W05,2024-2025,5,2024-10-04,Friday
2024-2025-W06,2024-2025,6,2024-10-07,Monday
2024-2025-W06,2024-2025,6,2024-10-08,Tuesday
2024-2025-W06,2024-2025,6,2024-10-09,Wednesday
2024-2025-W06,2024-2025,6,2024-10-10,Thursday
2024-2025-W06,2024-2025,6,2024-10-11,Friday
2024-2025-W07,2024-2025,7,2024-10-14,Monday
2024-2025-W07,2024-2025,7,2024-10-15,Tuesday
2024-2025-W07,2024-2025,7,2024-10-16,Wednesday
2024-2025-W07,2024-2025,7,2024-10-17,Thursday
2024-2025-W07,2024-2025,7,2024-10-18,Friday
2024-2025-W08,2024-2025,8,2024-10-21,Monday
2024-2025-W08,2024-2025,8,2024-10-22,Tuesday
2024-2025-W08,2024-2025,8,2024-10-23,Wednesday
2024-2025-W08,2024-2025,8,2024-10-24,Thursday
2024-2025-W08,2024-2025,8,2024-10-25,Friday
2024-2025-W09,2024-2025,9,2024-10-28,Monday
2024-2025-W09,2024-2025,9,2024-10-29,Tuesday
2024-2025-W09,2024-2025,9,2024-10-30,Wednesday
2024-2025-W09,2024-2025,9,2024-10-31,Thursday
2024-2025-W09,2024-2025,9,2024-11-01,Friday
2024-2025-W10,2024-2025,10,2024-11-04,Monday
2024-2025-W10,2024-2025,10,2024-11-05,Tuesday
2024-2025-W10,2024-2025,10,2024-11-06,Wednesday
2024-2025-W10,2024-2025,10,2024-11-07,Thursday
2024-2025-W10,2024-2025,10,2024-11-08,Friday
2024-2025-W11,2024-2025,11,2024-11-11,Monday
2024-2025-W11,2024-2025,11,2024-11-12,Tuesday
2024-2025-W11,2024-2025,11,2024-11-13,Wednesday
2024-2025-W11,2024-2025,11,2024-11-14,Thursday
2024-2025-W11,2024-2025,11,2024-11-15,Friday
2024-2025-W12,2024-2025,12,2024-11-18,Monday
2024-2025-W12,2024-2025,12,2024-11-19,Tuesday
2024-2025-W12,2024-2025,12,2024-11-20,Wednesday
2024-2025-W12,2024-2025,12,2024-11-21,Thursday
2024-2025-W12,2024-2025,12,2024-11-22,Friday
2024-2025-W13,2024-2025,13,2024-11-25,Monday
2024-2025-W13,2024-2025,13,2024-11-26,Tuesday
2024-2025-W13,2024-2025,13,2024-11-27,Wednesday
2024-2025-W13,2024-2025,13,2024-11-28,Thursday
2024-2025-W13,2024-2025,13,2024-11-29,Friday
2024-2025-W14,2024-2025,14,2024-12-02,Monday
2024-2025-W14,2024-2025,14,2024-12-03,Tuesday
2024-2025-W14,2024-2025,14,2024-12-04,Wednesday
2024-2025-W14,2024-2025,14,2024-12-05,Thursday
2024-2025-W14,2024-2025,14,2024-12-06,Friday
2024-2025-W15,2024-2025,15,2024-12-09,Monday
2024-2025-W15,2024-2025,15,2024-12-10,Tuesday
2024-2025-W15,2024-2025,15,2024-12-11,Wednesday
2024-2025-W15,2024-2025,15,2024-12-12,Thursday
2024-2025-W15,2024-2025,15,2024-12-13,Friday
2024-2025-W16,2024-2025,16,2024-12-16,Monday
2024-2025-W16,2024-2025,16,2024-12-17,Tuesday
2024-2025-W16,2024-2025,16,2024-12-18,Wednesday
2024-2025-W16,2024-2025,16,2024-12-19,Thursday
2024-2025-W16,2024-2025,16,2024-12-20,Friday
2024-2025-W17,2024-2025,17,2024-12-23,Monday
2024-2025-W17,2024-2025,17,2024-12-24,Tuesday
2024-2025-W17,2024-2025,17,2024-12-25,Wednesday
2024-2025-W17,2024-2025,17,2024-12-26,Thursday
2024-2025-W17,2024-2025,17,2024-12-27,Friday
2024-2025-W18,2024-2025,18,2024-12-30,Monday
2024-2025-W18,2024-2025,18,2024-12-31,Tuesday
2024-2025-W18,2024-2025,18,2025-01-01,Wednesday
2024-2025-W18,2024-2025,18,2025-01-02,Thursday
2024-2025-W18,2024-2025,18,2025-01-03,Friday
2024-2025-W19,2024-2025,19,2025-01-06,Monday
2024-2025-W19,2024-2025,19,2025-01-07,Tuesday
2024-2025-W19,2024-2025,19,2025-01-08,Wednesday
2024-2025-W19,2024-2025,19,2025-01-09,Thursday
2024-2025-W19,2024-2025,19,2025-01-10,Friday
2024-2025-W20,2024-2025,20,2025-01-13,Monday
2024-2025-W20,2024-2025,20,2025-01-14,Tuesday
2024-2025-W20,2024-2025,20,2025-01-15,Wednesday
2024-2025-W20,2024-2025,20,2025-01-16,Thursday
2024-2025-W20,2024-2025,20,2025-01-17,Friday
2024-2025-W21,2024-2025,21,2025-01-20,Monday
2024-2025-W21,2024-2025,21,2025-01-21,Tuesday
2024-2025-W21,2024-2025,21,2025-01-22,Wednesday
2024-2025-W21,2024-2025,21,2025-01-23,Thursday
2024-2025-W21,2024-2025,21,2025-01-24,Friday
2024-2025-W22,2024-2025,22,2025-01-27,Monday
2024-2025-W22,2024-2025,22,2025-01-28,Tuesday
2024-2025-W22,2024-2025,22,2025-01-29,Wednesday
2024-2025-W22,2024-2025,22,2025-01-30,Thursday
2024-2025-W22,2024-2025,22,2025-01-31,Friday
2024-2025-W23,2024-2025,23,2025-02-03,Monday
2024-2025-W23,2024-2025,23,2025-02-04,Tuesday
2024-2025-W23,2024-2025,23,2025-02-05,Wednesday
2024-2025-W23,2024-2025,23,2025-02-06,Thursday
2024-2025-W23,2024-2025,23,2025-02-07,Friday
2024-2025-W24,2024-2025,24,2025-02-10,Monday
2024-2025-W24,2024-2025,24,2025-02-11,Tuesday
2024-2025-W24,2024-2025,24,2025-02-12,Wednesday
2024-2025-W24,2024-2025,24,2025-02-13,Thursday
2024-2025-W24,2024-2025,24,2025-02-14,Friday
2024-2025-W25,2024-2025,25,2025-02-17,Monday
2024-2025-W25,2024-2025,25,2025-02-18,Tuesday
2024-2025-W25,2024-2025,25,2025-02-19,Wednesday
2024-2025-W25,2024-2025,25,2025-02-20,Thursday
2024-2025-W25,2024-2025,25,2025-02-21,Friday
2024-2025-W26,2024-2025,26,2025-02-24,Monday
2024-2025-W26,2024-2025,26,2025-02-25,Tuesday
2024-2025-W26,2024-2025,26,2025-02-26,Wednesday
2024-2025-W26,2024-2025,26,2025-02-27,Thursday
2024-2025-W26,2024-2025,26,2025-02-28,Friday
2024-2025-W27,2024-2025,27,2025-03-03,Monday
2024-2025-W27,2024-2025,27,2025-03-04,Tuesday
2024-2025-W27,2024-2025,27,2025-03-05,Wednesday
2024-2025-W27,2024-2025,27,2025-03-06,Thursday
2024-2025-W27,2024-2025,27,2025-03-07,Friday
2024-2025-W28,2024-2025,28,2025-03-10,Monday
2024-2025-W28,2024-2025,28,2025-03-11,Tuesday
2024-2025-W28,2024-2025,28,2025-03-12,Wednesday
2024-2025-W28,2024-2025,28,2025-03-13,Thursday
2024-2025-W28,2024-2025,28,2025-03-14,Friday
2024-2025-W29,2024-2025,29,2025-03-17,Monday
2024-2025-W29,2024-2025,29,2025-03-18,Tuesday
2024-2025-W29,2024-2025,29,2025-03-19,Wednesday
2024-2025-W29,2024-2025,29,2025-03-20,Thursday
2024-2025-W29,2024-2025,29,2025-03-21,Friday
2024-2025-W30,2024-2025,30,2025-03-24,Monday
2024-2025-W30,2024-2025,30,2025-03-25,Tuesday
2024-2025-W30,2024-2025,30,2025-03-26,Wednesday
2024-2025-W30,2024-2025,30,2025-03-27,Thursday
2024-2025-W30,2024-2025,30,2025-03-28,Friday
2024-2025-W31,2024-2025,31,2025-03-31,Monday
2024-2025-W31,2024-2025,31,2025-04-01,Tuesday
2024-2025-W31,2024-2025,31,2025-04-02,Wednesday
2024-2025-W31,2024-2025,31,2025-04-03,Thursday
2024-2025-W31,2024-2025,31,2025-04-04,Friday
2024-2025-W32,2024-2025,32,2025-04-07,Monday
2024-2025-W32,2024-2025,32,2025-04-08,Tuesday
2024-2025-W32,2024-2025,32,2025-04-09,Wednesday
2024-2025-W32,2024-2025,32,2025-04-10,Thursday
2024-2025-W32,2024-2025,32,2025-04-11,Friday
2024-2025-W33,2024-2025,33,2025-04-14,Monday
2024-2025-W33,2024-2025,33,2025-04-15,Tuesday
2024-2025-W33,2024-2025,33,2025-04-16,Wednesday
2024-2025-W33,2024-2025,33,2025-04-17,Thursday
2024-2025-W33,2024-2025,33,2025-04-18,Friday
2024-2025-W34,2024-2025,34,2025-04-21,Monday
2024-2025-W34,2024-2025,34,2025-04-22,Tuesday
2024-2025-W34,2024-2025,34,2025-04-23,Wednesday
2024-2025-W34,2024-2025,34,2025-04-24,Thursday
2024-2025-W34,2024-2025,34,2025-04-25,Friday
2024-2025-W35,2024-2025,35,2025-04-28,Monday
2024-2025-W35,2024-2025,35,2025-04-29,Tuesday
2024-2025-W35,2024-2025,35,2025-04-30,Wednesday
2024-2025-W35,2024-2025,35,2025-05-01,Thursday
2024-2025-W35,2024-2025,35,2025-05-02,Friday
2024-2025-W36,2024-2025,36,2025-05-05,Monday
2024-2025-W36,2024-2025,36,2025-05-06,Tuesday
2024-2025-W36,2024-2025,36,2025-05-07,Wednesday
2024-2025-W36,2024-2025,36,2025-05-08,Thursday
2024-2025-W36,2024-2025,36,2025-05-09,Friday
2024-2025-W37,2024-2025,37,2025-05-12,Monday
2024-2025-W37,2024-2025,37,2025-05-13,Tuesday
2024-2025-W37,2024-2025,37,2025-05-14,Wednesday
2024-2025-W37,2024-2025,37,2025-05-15,Thursday
2024-2025-W37,2024-2025,37,2025-05-16,Friday
2024-2025-W38,2024-2025,38,2025-05-19,Monday
2024-2025-W38,2024-2025,38,2025-05-20,Tuesday
2024-2025-W38,2024-2025,38,2025-05-21,Wednesday
2024-2025-W38,2024-2025,38,2025-05-22,Thursday
2024-2025-W38,2024-2025,38,2025-05-23,Friday
2024-2025-W39,2024-2025,39,2025-05-26,Monday
2024-2025-W39,2024-2025,39,2025-05-27,Tuesday
2024-2025-W39,2024-2025,39,2025-05-28,Wednesday
2024-2025-W39,2024-2025,39,2025-05-29,Thursday
2024-2025-W39,2024-2025,39,2025-05-30,Friday
